seq	seq_length	g4motif	length	loops	G-quartet	maxlbase	minlbase	G	C	GG	CC	g4_pred	g4_prob	mfe_pred
NC_002607.1	21	GGGGtGGGGtGGGGtgtGGGG	21	3	4	3	1	80	0	57	0	1	1.0	-40.694088
NC_002607.1	25	GGGGtgGGGGagGGGGtgggtGGGG	25	3	4	5	2	84	0	64	0	1	1.0	-33.877968
NC_002607.1	35	GGGtccGGGtcgGGGtccGGGagccgggGGGcGGG	35	5	3	7	1	65	22	45	8	1	0.96401423	-24.930986
NC_002607.1	37	GGGcgcGGGcttcgtcGGGtgacagcGGGcGGGcGGG	37	5	3	7	1	59	24	32	0	1	0.6255749	-17.442734
NC_002607.1	39	GGGgcGGGagagGGGcgcgttaGGGgttGGGagtcgGGG	39	5	3	7	2	66	10	41	0	1	0.9919733	-14.881893
NC_002607.1	38	GGGtgtGGGttacaccGGGaagccgGGGctgccggGGG	38	4	3	7	3	55	21	34	7	0	0.071677566	-12.999482
NC_002607.1	32	GGGggtcgtGGGtGGGctcgtcGGGttcgGGG	32	4	3	6	1	62	15	40	0	1	0.9620684	-10.670484
NC_002607.1	29	GGGttgcgGGGactGGGcgGGGcaccGGG	29	4	3	5	2	62	20	41	3	1	0.96610224	-13.108237
NC_002607.1	29	GGGctgcGGGccgccgGGGtcggcgtGGG	29	3	3	7	4	62	27	34	6	0	0.046815533	-11.970979
NC_002607.1	25	GGGcgcGGGtcgcgcGGGcactGGG	25	3	3	6	3	60	28	32	0	0	0.36046645	-8.913532
NC_002607.1	15	GGGcGGGcGGGcGGG	15	3	3	1	1	80	20	53	0	1	0.99999845	-35.817482
NC_002607.1	22	GGGaccgagGGGcGGGccaGGG	22	3	3	6	1	63	22	40	9	1	0.9875728	-11.582372
NC_002607.1	21	GGGcgGGGccgtgtGGGtGGG	21	3	3	6	1	71	14	42	4	1	0.9999919	-13.309369
NC_002607.1	26	GGGggcgtccGGGggtGGGctgcGGG	26	3	3	7	3	69	19	46	3	1	0.81923646	-10.775514
NC_002607.1	22	GGGcatcacGGGcgGGGagGGG	22	3	3	6	2	63	18	45	0	1	0.9999149	-12.355907
NC_002607.1	24	GGGtcgtcGGGctcGGGctcgGGG	24	3	3	5	3	58	25	37	0	1	0.8908566	-9.180096
NC_002607.1	24	GGGtcgctgcGGGcGGGagcgGGG	24	3	3	7	1	66	20	37	0	1	0.8929516	-9.290626
NC_002607.1	29	GGGgcgtatcGGGgtggcccGGGccgGGG	29	3	3	7	3	62	24	41	10	0	0.12100659	-11.999498
NC_002607.1	20	GGGtgtacGGGccGGGcGGG	20	3	3	5	1	65	20	40	5	1	0.9999473	-14.567056
NC_002607.1	28	GGGgctgGGGcactcgcGGGcgtccGGG	28	3	3	7	4	57	28	35	3	0	0.117088005	-9.860083
NC_002607.1	23	GGGcGGGtgtcggtGGGcgcGGG	23	3	3	7	1	69	17	39	0	1	0.9987301	-10.404987
NC_002607.1	27	GGGgcgcgacGGGaGGGcaggcccGGG	27	3	3	7	1	62	25	37	7	0	0.061882038	-9.958533
NC_002607.1	23	GGGcgtccGGGttcGGGttgGGG	23	3	3	5	3	60	17	39	4	1	0.99434245	-10.264199
NC_002607.1	26	GGGcggtggcGGGcgGGGcagcgGGG	26	3	3	7	2	73	19	46	0	1	0.8824119	-11.40586
NC_002607.1	19	GGGagcGGGcGGGtgtGGG	19	3	3	3	1	73	10	42	0	1	0.9999999	-16.583817
NC_002607.1	32	GGGgcggctgGGGagatcgaGGGactcccGGG	32	3	3	7	6	56	21	34	6	0	0.08346986	-11.263721
NC_002607.1	24	GGGcatcgGGGccgtGGGcgtGGG	24	3	3	5	3	62	20	37	4	1	0.9035797	-8.9440975
NC_002607.1	22	GGGcGGGcgaccGGGagatGGG	22	3	3	5	1	63	18	36	4	1	0.9996132	-11.035352
NC_002607.1	30	GGGatcggcGGGccgccGGGcgcaaacGGG	30	3	3	7	5	53	30	30	6	0	0.0012501922	-11.471494
NC_002607.1	23	GGGagtcaccGGGgGGGactGGG	23	3	3	7	1	60	17	43	4	1	0.99427104	-10.518442
NC_002607.1	24	GGGcttccGGGtcggcGGGctGGG	24	3	3	5	2	58	25	37	4	1	0.8174473	-9.110559
NC_002607.1	31	GGGttgcggcGGGcgtcgcGGGctgtctGGG	31	3	3	7	6	58	22	29	0	0	0.0076591386	-9.136105
NC_002607.1	28	GGGgatcgtgGGGgagtcgGGGtgtGGG	28	3	3	7	3	67	7	42	0	1	0.996635	-7.9403505
NC_002607.1	30	GGGacgactaGGGccggaGGGtgtcgaGGG	30	3	3	7	5	56	16	30	3	0	0.051627018	-6.437306
NC_002607.1	29	GGGcgagctgGGGatcGGGatgaaccGGG	29	3	3	7	3	55	17	31	3	0	0.16752721	-6.1747494
NC_002607.1	27	GGGaccgtGGGcatgccGGGctccGGG	27	3	3	6	4	51	29	29	11	0	0.0044852113	-10.243778
NC_002607.1	33	GGGcgtcgacGGGtttctcgGGGtcgaagcGGG	33	3	3	7	7	51	21	27	0	0	0.007656029	-8.568923
NC_002607.1	21	GGGcGGGtcgatcGGGctGGG	21	3	3	6	1	61	19	38	0	1	0.9999602	-12.483756
NC_002607.1	19	GGGcGGGcGGGtgccgGGG	19	3	3	5	1	73	21	47	5	1	0.99995244	-17.217669
NC_002607.1	31	GGGtgcggGGGaggcggtGGGgtgtttcGGG	31	3	3	7	5	67	9	41	0	1	0.82555985	-8.821605
NC_002607.1	31	GGGaggctgcGGGcggccGGGcccatccGGG	31	3	3	7	5	54	32	32	12	0	0.0019223172	-14.8933
NC_002607.1	26	GGGgacacccGGGccgcGGGcgcGGG	26	3	3	7	3	57	34	34	11	0	0.01355333	-12.052016
NC_002607.1	30	GGGcggcatGGGcggtatGGGtggcatGGG	30	3	3	6	6	60	13	36	0	0	0.42084926	-5.6555324
NC_002607.1	16	GGGaGGGcgGGGcGGG	16	3	3	2	1	81	12	56	0	1	0.99999976	-31.44439
NC_002607.1	28	GGGgatagccGGGaccgcctGGGgcGGG	28	3	3	7	2	57	25	35	10	0	0.03401082	-10.288558
NC_002607.1	24	GGGtGGGcgtcGGGcagcgacGGG	24	3	3	7	1	62	20	33	0	1	0.9189912	-8.444034
NC_002607.1	24	GGGcGGGaacgtcGGGtcgtcGGG	24	3	3	6	1	58	20	33	0	1	0.93080634	-8.256253
NC_002607.1	29	GGGccggcgcGGGcagcttcGGGctgGGG	29	3	3	7	3	58	27	34	3	0	0.053213466	-10.460599
NC_002607.1	24	GGGctcgtcGGGcatcGGGtcGGG	24	3	3	6	2	54	25	33	0	1	0.9408332	-8.696545
NC_002607.1	23	GGGccggGGGcgGGGcctgtGGG	23	3	3	5	2	69	21	47	8	1	0.9666373	-11.841814
NC_002607.1	17	GGGacgGGGcGGGtGGG	17	3	3	3	1	76	11	52	0	1	0.99999976	-24.411436
NC_002607.1	31	GGGcgtcgcGGGcgctgcgGGGgttcgcGGG	31	3	3	7	6	61	25	32	0	0	0.062902175	-10.780203
NC_002607.1	21	GGGcgctgGGGttcGGGtGGG	21	3	3	5	1	66	14	42	0	1	0.9999976	-13.3686
NC_002607.1	25	GGGtgcggtGGGcGGGctagagGGG	25	3	3	6	1	68	12	40	0	1	0.99889237	-8.198159
NC_002607.1	31	GGGcgtcctcGGGaacggGGGtgtcgtcGGG	31	3	3	7	5	54	22	32	3	0	0.038760412	-8.853541
NC_002607.1	23	GGGcttcGGGatGGGttcgtGGG	23	3	3	5	2	56	13	34	0	1	0.9998062	-9.816077
NC_002607.1	28	GGGgtcctGGGttgcgGGGttgctcGGG	28	3	3	6	5	57	17	35	3	0	0.28422955	-6.6571803
NC_002607.1	24	GGGtccGGGaggacGGGctgcGGG	24	3	3	5	3	62	20	37	4	1	0.9035797	-8.9440975
NC_002607.1	25	GGGtgccGGGaagcGGGtcgggGGG	25	3	3	5	4	68	16	44	4	1	0.9521021	-9.289515
NC_002607.1	23	GGGtttcGGGcgcGGGtactGGG	23	3	3	4	3	56	17	34	0	1	0.9981781	-9.568677
NC_002607.1	24	GGGcgtccGGGcggacgGGGcGGG	24	3	3	6	1	66	25	41	4	1	0.7806892	-9.907135
NC_002607.1	27	GGGgctgccGGGcgtcGGGcacgtGGG	27	3	3	6	4	59	25	33	3	0	0.0661992	-8.871267
NC_002607.1	28	GGGcgtggtcGGGcgtgGGGaagtcGGG	28	3	3	7	4	64	14	35	0	1	0.68848854	-6.0552025
NC_002607.1	25	GGGtGGGactgtGGGcggcggcGGG	25	3	3	7	1	68	16	40	0	1	0.9455742	-8.620945
NC_002607.1	20	GGGgcGGGttcGGGtgcGGG	20	3	3	3	2	70	15	45	0	1	0.99999774	-15.538211
NC_002607.1	27	GGGaggtcatGGGcGGGctggacgGGG	27	3	3	7	1	62	14	40	0	1	0.79133236	-7.2019396
NC_002607.1	26	GGGtggGGGacgccGGGaagtggGGG	26	3	3	6	3	69	11	46	3	1	0.99549896	-10.252162
NC_002607.1	29	GGGgccgccgGGGgtgGGGacgctgcGGG	29	3	3	7	3	65	24	41	6	0	0.16389571	-12.77265
NC_001869.1	17	GGGgGGGtgaGGGcGGG	17	3	3	3	1	82	5	58	0	1	1.0	-25.479248
NC_001869.1	24	GGGttGGGcctgGGGagtacaGGG	24	3	3	6	2	58	12	37	4	1	0.99731666	-8.857579
NC_001869.1	22	GGGctggGGGacGGGcggtGGG	22	3	3	4	2	72	13	50	0	1	0.99999845	-13.605167
NC_001869.1	22	GGGtgGGGcggtgGGGtctGGG	22	3	3	5	2	72	9	50	0	1	0.99999964	-13.259666
NC_001869.1	22	GGGcggtGGGcggGGGtgaGGG	22	3	3	4	3	77	9	50	0	1	0.9999999	-13.661828
NC_002608.1	17	GGGgGGGtgaGGGcGGG	17	3	3	3	1	82	5	58	0	1	1.0	-25.479248
NC_002608.1	24	GGGttGGGcctgGGGagtacaGGG	24	3	3	6	2	58	12	37	4	1	0.99731666	-8.857579
NC_002608.1	22	GGGctggGGGacGGGcggtGGG	22	3	3	4	2	72	13	50	0	1	0.99999845	-13.605167
NC_002608.1	21	GGGcggtGGGtgGGGcaaGGG	21	3	3	4	2	71	9	47	0	1	0.9999999	-14.269903
NC_002608.1	32	GGGgtgagcGGGtctcggtGGGgtcaaccGGG	32	3	3	7	6	56	18	34	3	0	0.071512215	-8.32301
