"gene_id","gene_name","seqname","strand","tss_start","gene_start","gene_end","distancia_tss_gene","tem_5utr"
"gene-VNG_RS12225","VNG_RS12225","NC_001869.1","+",166,4215,4610,4048,TRUE
"gene-VNG_RS12265","VNG_RS12265","NC_001869.1","+",14278,14308,15582,29,TRUE
"gene-VNG_RS12260","VNG_RS12260","NC_001869.1","-",14284,12847,14013,271,TRUE
"gene-VNG_RS12260","VNG_RS12260","NC_001869.1","-",14297,12847,14013,284,TRUE
"gene-VNG_RS12315","gvpD","NC_001869.1","-",22354,20673,22283,71,TRUE
"gene-VNG_RS12365","VNG_RS12365","NC_001869.1","-",33988,33404,34531,-543,FALSE
"gene-VNG_RS12440","VNG_RS12440","NC_001869.1","-",45649,45387,45632,17,TRUE
"gene-VNG_RS12675","VNG_RS12675","NC_001869.1","+",87527,91761,92042,4233,TRUE
"gene-VNG_RS12690","VNG_RS12690","NC_001869.1","-",95373,94101,95450,-77,FALSE
"gene-VNG_RS12725","VNG_RS12725","NC_001869.1","+",107654,107069,109054,-586,FALSE
"gene-VNG_RS12750","VNG_RS12750","NC_001869.1","-",115290,115111,115512,-222,FALSE
"gene-VNG_RS12760","VNG_RS12760","NC_001869.1","+",116821,117104,120490,282,TRUE
"gene-VNG_RS12760","VNG_RS12760","NC_001869.1","+",116923,117104,120490,180,TRUE
"gene-VNG_RS12830","VNG_RS12830","NC_001869.1","+",135283,134055,135578,-1229,FALSE
"gene-VNG_RS13845","VNG_RS13845","NC_001869.1","-",154482,152205,152669,1813,TRUE
"gene-VNG_RS13845","VNG_RS13845","NC_001869.1","-",156531,152205,152669,3862,TRUE
"gene-VNG_RS12960","VNG_RS12960","NC_001869.1","+",158381,158069,158488,-313,FALSE
"gene-VNG_RS00025","VNG_RS00025","NC_002607.1","+",3320,3322,5643,1,TRUE
"gene-VNG_RS00035","VNG_RS00035","NC_002607.1","-",8642,7454,8641,1,TRUE
"gene-VNG_RS00045","VNG_RS00045","NC_002607.1","+",9972,9980,11413,7,TRUE
"gene-VNG_RS00050","VNG_RS00050","NC_002607.1","-",12734,11478,12734,0,FALSE
"gene-VNG_RS00065","VNG_RS00065","NC_002607.1","+",12934,14484,14780,1549,TRUE
"gene-VNG_RS00060","VNG_RS00060","NC_002607.1","-",14184,13809,14180,4,TRUE
"gene-VNG_RS00060","VNG_RS00060","NC_002607.1","-",14279,13809,14180,99,TRUE
"gene-VNG_RS00065","VNG_RS00065","NC_002607.1","+",14469,14484,14780,14,TRUE
"gene-VNG_RS00080","VNG_RS00080","NC_002607.1","+",16193,16291,17706,97,TRUE
"gene-VNG_RS00105","VNG_RS00105","NC_002607.1","-",21789,20533,21789,0,FALSE
"gene-VNG_RS00125","VNG_RS00125","NC_002607.1","-",31567,30356,31168,399,TRUE
"gene-VNG_RS00135","VNG_RS00135","NC_002607.1","+",31838,31838,32086,-1,FALSE
"gene-VNG_RS00165","tnpA","NC_002607.1","+",32416,36321,36713,3904,TRUE
"gene-VNG_RS00155","VNG_RS00155","NC_002607.1","-",33920,33610,33915,5,TRUE
"gene-VNG_RS00165","tnpA","NC_002607.1","+",36313,36321,36713,7,TRUE
"gene-VNG_RS00175","VNG_RS00175","NC_002607.1","+",37996,38200,39432,203,TRUE
"gene-VNG_RS00195","VNG_RS00195","NC_002607.1","-",45457,44245,45456,1,TRUE
"gene-VNG_RS00210","VNG_RS00210","NC_002607.1","+",48484,48590,49222,105,TRUE
"gene-VNG_RS00210","VNG_RS00210","NC_002607.1","+",48497,48590,49222,92,TRUE
"gene-VNG_RS00205","VNG_RS00205","NC_002607.1","-",48503,47199,48473,30,TRUE
"gene-VNG_RS00220","VNG_RS00220","NC_002607.1","-",52122,50564,52021,101,TRUE
"gene-VNG_RS00235","VNG_RS00235","NC_002607.1","+",53191,53192,54367,0,FALSE
"gene-VNG_RS00245","VNG_RS00245","NC_002607.1","+",56257,56287,57561,29,TRUE
"gene-VNG_RS00275","VNG_RS00275","NC_002607.1","+",64910,64910,65206,-1,FALSE
"gene-VNG_RS13225","VNG_RS13225","NC_002607.1","+",65939,66054,66251,114,TRUE
"gene-VNG_RS00300","VNG_RS00300","NC_002607.1","-",67796,67488,67778,18,TRUE
"gene-VNG_RS00315","VNG_RS00315","NC_002607.1","+",69630,69649,70749,18,TRUE
"gene-VNG_RS00320","VNG_RS00320","NC_002607.1","+",70807,70821,71276,13,TRUE
"gene-VNG_RS00325","VNG_RS00325","NC_002607.1","+",71317,71317,71748,-1,FALSE
"gene-VNG_RS00330","VNG_RS00330","NC_002607.1","+",71913,71913,72704,-1,FALSE
"gene-VNG_RS00335","moeB","NC_002607.1","-",73544,72708,73544,0,FALSE
"gene-VNG_RS00350","glp","NC_002607.1","-",77867,76644,77867,0,FALSE
"gene-VNG_RS00370","VNG_RS00370","NC_002607.1","-",81328,80387,81328,0,FALSE
"gene-VNG_RS00375","VNG_RS00375","NC_002607.1","+",81452,81452,82459,-1,FALSE
"gene-VNG_RS00380","VNG_RS00380","NC_002607.1","+",82540,82540,82926,-1,FALSE
"gene-VNG_RS00390","VNG_RS00390","NC_002607.1","-",84422,83885,84415,7,TRUE
"gene-VNG_RS00395","VNG_RS00395","NC_002607.1","-",84814,84617,84811,3,TRUE
"gene-VNG_RS00400","VNG_RS00400","NC_002607.1","-",85583,84927,85583,0,FALSE
"gene-VNG_RS00415","VNG_RS00415","NC_002607.1","+",87668,87668,89167,-1,FALSE
"gene-VNG_RS00435","VNG_RS00435","NC_002607.1","-",95300,95227,95300,0,FALSE
"gene-VNG_RS00435","VNG_RS00435","NC_002607.1","-",95304,95227,95300,4,TRUE
"gene-VNG_RS00450","VNG_RS00450","NC_002607.1","+",95528,97444,98121,1915,TRUE
"gene-VNG_RS00450","VNG_RS00450","NC_002607.1","+",97444,97444,98121,-1,FALSE
"gene-VNG_RS00455","VNG_RS00455","NC_002607.1","+",98225,98226,99008,0,FALSE
"gene-VNG_RS00505","VNG_RS00505","NC_002607.1","+",106048,106048,106791,-1,FALSE
"gene-VNG_RS00515","VNG_RS00515","NC_002607.1","-",107562,107233,107562,0,FALSE
"gene-VNG_RS00520","azf","NC_002607.1","+",107659,107661,108428,1,TRUE
"gene-VNG_RS00525","VNG_RS00525","NC_002607.1","+",108665,108694,109563,28,TRUE
"gene-VNG_RS00540","VNG_RS00540","NC_002607.1","-",110620,110546,110618,2,TRUE
"gene-VNG_RS00545","VNG_RS00545","NC_002607.1","+",110765,110769,112193,3,TRUE
"gene-VNG_RS00550","VNG_RS00550","NC_002607.1","+",112247,112247,112699,-1,FALSE
"gene-VNG_RS00560","cca","NC_002607.1","-",115132,113691,115049,83,TRUE
"gene-VNG_RS00565","VNG_RS00565","NC_002607.1","+",115148,115152,115224,3,TRUE
"gene-VNG_RS00565","VNG_RS00565","NC_002607.1","+",115152,115152,115224,-1,FALSE
"gene-VNG_RS00590","VNG_RS00590","NC_002607.1","-",118278,117867,118271,7,TRUE
"gene-VNG_RS00600","VNG_RS00600","NC_002607.1","+",119296,119518,119754,221,TRUE
"gene-VNG_RS00630","VNG_RS00630","NC_002607.1","-",126100,125012,126100,0,FALSE
"gene-VNG_RS00635","VNG_RS00635","NC_002607.1","-",127576,126179,127576,0,FALSE
"gene-VNG_RS00655","mutL","NC_002607.1","-",132734,130717,132696,38,TRUE
"gene-VNG_RS13915","VNG_RS13915","NC_002607.1","+",135353,135354,135500,0,FALSE
"gene-VNG_RS00670","VNG_RS00670","NC_002607.1","+",136859,136862,138478,2,TRUE
"gene-VNG_RS00680","VNG_RS00680","NC_002607.1","-",142200,141181,142200,0,FALSE
"gene-VNG_RS00690","VNG_RS00690","NC_002607.1","+",143165,143165,143497,-1,FALSE
"gene-VNG_RS00695","VNG_RS00695","NC_002607.1","-",144202,143498,144202,0,FALSE
"gene-VNG_RS00700","VNG_RS00700","NC_002607.1","-",145099,144354,144983,116,TRUE
"gene-VNG_RS00710","mutS","NC_002607.1","-",148470,145879,148470,0,FALSE
"gene-VNG_RS00725","VNG_RS00725","NC_002607.1","-",152615,151875,152615,0,FALSE
"gene-VNG_RS00730","VNG_RS00730","NC_002607.1","-",153382,152767,153357,25,TRUE
"gene-VNG_RS00730","VNG_RS00730","NC_002607.1","-",153418,152767,153357,61,TRUE
"gene-VNG_RS00730","VNG_RS00730","NC_002607.1","-",153442,152767,153357,85,TRUE
"gene-VNG_RS00730","VNG_RS00730","NC_002607.1","-",153464,152767,153357,107,TRUE
"gene-VNG_RS00740","VNG_RS00740","NC_002607.1","-",155598,154694,155596,2,TRUE
"gene-VNG_RS00750","VNG_RS00750","NC_002607.1","+",156613,156613,157431,-1,FALSE
"gene-VNG_RS00755","VNG_RS00755","NC_002607.1","+",157481,157481,158308,-1,FALSE
"gene-VNG_RS00760","VNG_RS00760","NC_002607.1","+",158376,158480,159292,103,TRUE
"gene-VNG_RS00760","VNG_RS00760","NC_002607.1","+",158435,158480,159292,44,TRUE
"gene-VNG_RS00765","VNG_RS00765","NC_002607.1","+",159342,159342,160433,-1,FALSE
"gene-VNG_RS00770","VNG_RS00770","NC_002607.1","-",161111,160464,161111,0,FALSE
"gene-VNG_RS00780","VNG_RS00780","NC_002607.1","+",162625,162656,164095,30,TRUE
"gene-VNG_RS00785","VNG_RS00785","NC_002607.1","+",164150,164151,165113,0,FALSE
"gene-VNG_RS00795","VNG_RS00795","NC_002607.1","-",166622,166336,166503,119,TRUE
"gene-VNG_RS00800","VNG_RS00800","NC_002607.1","-",167206,166681,167199,7,TRUE
"gene-VNG_RS00805","VNG_RS00805","NC_002607.1","+",167311,167315,167388,3,TRUE
"gene-VNG_RS00870","VNG_RS00870","NC_002607.1","+",175855,175913,176947,57,TRUE
"gene-VNG_RS13265","VNG_RS13265","NC_002607.1","+",177587,177587,178354,-1,FALSE
"gene-VNG_RS00880","VNG_RS00880","NC_002607.1","-",183568,180916,183489,79,TRUE
"gene-VNG_RS00920","VNG_RS00920","NC_002607.1","+",191110,191112,191196,1,TRUE
"gene-VNG_RS00925","VNG_RS00925","NC_002607.1","+",191298,191310,192380,11,TRUE
"gene-VNG_RS00930","VNG_RS00930","NC_002607.1","-",192734,192372,192734,0,FALSE
"gene-VNG_RS00945","VNG_RS00945","NC_002607.1","+",195300,195301,195984,0,FALSE
"gene-VNG_RS00955","VNG_RS00955","NC_002607.1","-",196665,196288,196665,0,FALSE
"gene-VNG_RS00970","VNG_RS00970","NC_002607.1","-",197485,197195,197482,3,TRUE
"gene-VNG_RS00980","VNG_RS00980","NC_002607.1","-",198598,197876,198598,0,FALSE
"gene-VNG_RS00990","pth2","NC_002607.1","-",200293,199955,200293,0,FALSE
"gene-VNG_RS01000","dcd","NC_002607.1","+",201025,201025,201612,-1,FALSE
"gene-VNG_RS01015","VNG_RS01015","NC_002607.1","-",205708,203276,205708,0,FALSE
"gene-VNG_RS01020","VNG_RS01020","NC_002607.1","-",206539,205790,206539,0,FALSE
"gene-VNG_RS01030","VNG_RS01030","NC_002607.1","-",208184,207474,208184,0,FALSE
"gene-VNG_RS01040","rnhA","NC_002607.1","+",209292,209439,210038,146,TRUE
"gene-VNG_RS01040","rnhA","NC_002607.1","+",209438,209439,210038,0,FALSE
"gene-VNG_RS01050","VNG_RS01050","NC_002607.1","-",210989,210639,210989,0,FALSE
"gene-VNG_RS01055","VNG_RS01055","NC_002607.1","+",211099,211101,211634,1,TRUE
"gene-VNG_RS01055","VNG_RS01055","NC_002607.1","+",211101,211101,211634,-1,FALSE
"gene-VNG_RS01060","VNG_RS01060","NC_002607.1","+",211733,211896,213011,162,TRUE
"gene-VNG_RS01060","VNG_RS01060","NC_002607.1","+",211760,211896,213011,135,TRUE
"gene-VNG_RS01065","VNG_RS01065","NC_002607.1","+",213067,213067,214425,-1,FALSE
"gene-VNG_RS01070","VNG_RS01070","NC_002607.1","-",215515,214442,215515,0,FALSE
"gene-VNG_RS01085","VNG_RS01085","NC_002607.1","+",216982,216982,218070,-1,FALSE
"gene-VNG_RS01095","VNG_RS01095","NC_002607.1","+",219360,219360,220454,-1,FALSE
"gene-VNG_RS01105","VNG_RS01105","NC_002607.1","+",221005,221005,221610,-1,FALSE
"gene-VNG_RS01110","VNG_RS01110","NC_002607.1","+",221649,221649,223274,-1,FALSE
"gene-VNG_RS01115","VNG_RS01115","NC_002607.1","+",223312,223393,224193,80,TRUE
"gene-VNG_RS01115","VNG_RS01115","NC_002607.1","+",223372,223393,224193,20,TRUE
"gene-VNG_RS01120","VNG_RS01120","NC_002607.1","+",224467,224467,225588,-1,FALSE
"gene-VNG_RS14160","VNG_RS14160","NC_002607.1","-",226179,226021,226179,0,FALSE
"gene-VNG_RS01135","VNG_RS01135","NC_002607.1","+",227135,227135,228829,-1,FALSE
"gene-VNG_RS01140","tnpA","NC_002607.1","+",229051,229052,229441,0,FALSE
"gene-VNG_RS01150","VNG_RS01150","NC_002607.1","-",231091,230650,231078,13,TRUE
"gene-VNG_RS01150","VNG_RS01150","NC_002607.1","-",231092,230650,231078,14,TRUE
"gene-VNG_RS01155","VNG_RS01155","NC_002607.1","-",231817,231155,231817,0,FALSE
"gene-VNG_RS01165","VNG_RS01165","NC_002607.1","-",232952,232683,232952,0,FALSE
"gene-VNG_RS01170","VNG_RS01170","NC_002607.1","+",233131,233137,233841,5,TRUE
"gene-VNG_RS01175","VNG_RS01175","NC_002607.1","+",233894,233894,234811,-1,FALSE
"gene-VNG_RS01190","VNG_RS01190","NC_002607.1","-",237082,236318,237082,0,FALSE
"gene-VNG_RS01200","lonB","NC_002607.1","+",237828,237843,239951,14,TRUE
"gene-VNG_RS01225","VNG_RS01225","NC_002607.1","+",243436,243437,244234,0,FALSE
"gene-VNG_RS01230","VNG_RS01230","NC_002607.1","-",244536,244231,244536,0,FALSE
"gene-VNG_RS01235","VNG_RS01235","NC_002607.1","+",244638,244639,245802,0,FALSE
"gene-VNG_RS01240","VNG_RS01240","NC_002607.1","-",246219,245809,246219,0,FALSE
"gene-VNG_RS01250","VNG_RS01250","NC_002607.1","-",248005,247008,247967,38,TRUE
"gene-VNG_RS01250","VNG_RS01250","NC_002607.1","-",248006,247008,247967,39,TRUE
"gene-VNG_RS01255","VNG_RS01255","NC_002607.1","+",248258,248258,248971,-1,FALSE
"gene-VNG_RS01265","VNG_RS01265","NC_002607.1","+",251021,251021,251263,-1,FALSE
"gene-VNG_RS01270","VNG_RS01270","NC_002607.1","-",251886,251273,251884,2,TRUE
"gene-VNG_RS01275","VNG_RS01275","NC_002607.1","-",253119,251940,253118,1,TRUE
"gene-VNG_RS14165","VNG_RS14165","NC_002607.1","-",253876,253700,253876,0,FALSE
"gene-VNG_RS01285","pyk","NC_002607.1","-",255653,253914,255653,0,FALSE
"gene-VNG_RS01290","metG","NC_002607.1","-",257811,255742,257811,0,FALSE
"gene-VNG_RS01295","mfnA","NC_002607.1","-",258939,257872,258939,0,FALSE
"gene-VNG_RS01305","ppsA","NC_002607.1","-",262554,260291,262549,5,TRUE
"gene-VNG_RS01310","VNG_RS01310","NC_002607.1","+",262683,262683,263072,-1,FALSE
"gene-VNG_RS01315","VNG_RS01315","NC_002607.1","-",263978,263073,263978,0,FALSE
"gene-VNG_RS01320","VNG_RS01320","NC_002607.1","+",264248,264253,264945,4,TRUE
"gene-VNG_RS01330","VNG_RS01330","NC_002607.1","-",266899,265595,266869,30,TRUE
"gene-VNG_RS01360","gatB","NC_002607.1","+",272906,272907,274394,0,FALSE
"gene-VNG_RS01370","VNG_RS01370","NC_002607.1","-",275271,274891,275271,0,FALSE
"gene-VNG_RS01375","VNG_RS01375","NC_002607.1","+",275462,275494,277983,31,TRUE
"gene-VNG_RS01380","nreA","NC_002607.1","+",278144,278144,279412,-1,FALSE
"gene-VNG_RS01385","VNG_RS01385","NC_002607.1","+",279446,279446,279664,-1,FALSE
"gene-VNG_RS01390","VNG_RS01390","NC_002607.1","+",279704,279704,280474,-1,FALSE
"gene-VNG_RS01395","mpcT","NC_002607.1","-",282370,280487,282370,0,FALSE
"gene-VNG_RS01400","VNG_RS01400","NC_002607.1","-",282732,282451,282732,0,FALSE
"gene-VNG_RS01405","VNG_RS01405","NC_002607.1","+",282823,282823,283725,-1,FALSE
"gene-VNG_RS01410","VNG_RS01410","NC_002607.1","-",284177,283764,284177,0,FALSE
"gene-VNG_RS01415","VNG_RS01415","NC_002607.1","+",284271,284272,285273,0,FALSE
"gene-VNG_RS01430","VNG_RS01430","NC_002607.1","-",288011,286968,288011,0,FALSE
"gene-VNG_RS01435","VNG_RS01435","NC_002607.1","+",288101,288101,288445,-1,FALSE
"gene-VNG_RS01440","VNG_RS01440","NC_002607.1","+",288491,288491,289006,-1,FALSE
"gene-VNG_RS01455","VNG_RS01455","NC_002607.1","+",290379,290379,291539,-1,FALSE
"gene-VNG_RS01460","VNG_RS01460","NC_002607.1","+",291643,291643,291984,-1,FALSE
"gene-VNG_RS01470","VNG_RS01470","NC_002607.1","-",292606,292433,292606,0,FALSE
"gene-VNG_RS01475","ftsZ","NC_002607.1","-",293864,292670,293860,4,TRUE
"gene-VNG_RS01480","VNG_RS01480","NC_002607.1","-",295249,293888,295249,0,FALSE
"gene-VNG_RS01490","VNG_RS01490","NC_002607.1","+",296344,296344,297144,-1,FALSE
"gene-VNG_RS01495","VNG_RS01495","NC_002607.1","+",297170,297171,297530,0,FALSE
"gene-VNG_RS01520","VNG_RS01520","NC_002607.1","-",301228,300938,301228,0,FALSE
"gene-VNG_RS01525","VNG_RS01525","NC_002607.1","+",301287,301287,302276,-1,FALSE
"gene-VNG_RS01530","VNG_RS01530","NC_002607.1","-",302999,302277,302999,0,FALSE
"gene-VNG_RS01540","VNG_RS01540","NC_002607.1","-",305225,304268,305170,55,TRUE
"gene-VNG_RS01540","VNG_RS01540","NC_002607.1","-",305301,304268,305170,131,TRUE
"gene-VNG_RS01550","nth","NC_002607.1","+",305902,305902,306699,-1,FALSE
"gene-VNG_RS01555","VNG_RS01555","NC_002607.1","-",307198,306701,307198,0,FALSE
"gene-VNG_RS14170","VNG_RS14170","NC_002607.1","-",309685,309533,309685,0,FALSE
"gene-VNG_RS01575","VNG_RS01575","NC_002607.1","+",311957,311957,312946,-1,FALSE
"gene-VNG_RS01580","VNG_RS01580","NC_002607.1","+",313105,313105,314163,-1,FALSE
"gene-VNG_RS01595","VNG_RS01595","NC_002607.1","-",318105,316309,318105,0,FALSE
"gene-VNG_RS01600","VNG_RS01600","NC_002607.1","+",318208,318208,319275,-1,FALSE
"gene-VNG_RS01605","folP","NC_002607.1","-",321744,319297,321744,0,FALSE
"gene-VNG_RS01615","purB","NC_002607.1","+",323579,323579,324955,-1,FALSE
"gene-VNG_RS01620","VNG_RS01620","NC_002607.1","+",325018,325020,325661,1,TRUE
"gene-VNG_RS01625","VNG_RS01625","NC_002607.1","+",325698,325698,326195,-1,FALSE
"gene-VNG_RS01630","VNG_RS01630","NC_002607.1","-",326384,326196,326384,0,FALSE
"gene-VNG_RS01635","VNG_RS01635","NC_002607.1","+",326468,326468,326947,-1,FALSE
"gene-VNG_RS01645","VNG_RS01645","NC_002607.1","+",328415,328415,328807,-1,FALSE
"gene-VNG_RS01655","VNG_RS01655","NC_002607.1","-",329967,329653,329967,0,FALSE
"gene-VNG_RS01665","VNG_RS01665","NC_002607.1","-",332112,331342,332112,0,FALSE
"gene-VNG_RS01670","VNG_RS01670","NC_002607.1","+",332196,332196,332681,-1,FALSE
"gene-VNG_RS01680","VNG_RS01680","NC_002607.1","-",334245,333816,334244,1,TRUE
"gene-VNG_RS01700","VNG_RS01700","NC_002607.1","+",336723,336723,338003,-1,FALSE
"gene-VNG_RS01705","VNG_RS01705","NC_002607.1","-",339384,338014,339384,0,FALSE
"gene-VNG_RS01715","VNG_RS01715","NC_002607.1","-",340952,339822,340952,0,FALSE
"gene-VNG_RS01720","VNG_RS01720","NC_002607.1","+",341012,341012,341647,-1,FALSE
"gene-VNG_RS01725","VNG_RS01725","NC_002607.1","-",342908,341670,342908,0,FALSE
"gene-VNG_RS01735","VNG_RS01735","NC_002607.1","-",345117,343909,345117,0,FALSE
"gene-VNG_RS01740","VNG_RS01740","NC_002607.1","+",345205,345205,346275,-1,FALSE
"gene-VNG_RS01755","phoU","NC_002607.1","-",348047,347367,348047,0,FALSE
"gene-VNG_RS01775","VNG_RS01775","NC_002607.1","-",352657,351622,352656,1,TRUE
"gene-VNG_RS01785","VNG_RS01785","NC_002607.1","+",353960,353960,354931,-1,FALSE
"gene-VNG_RS01790","aspS","NC_002607.1","+",355087,355258,356568,170,TRUE
"gene-VNG_RS01815","VNG_RS01815","NC_002607.1","-",360215,359388,360215,0,FALSE
"gene-VNG_RS01820","VNG_RS01820","NC_002607.1","-",361606,360279,361511,95,TRUE
"gene-VNG_RS01840","VNG_RS01840","NC_002607.1","-",364901,364473,364889,12,TRUE
"gene-VNG_RS01855","VNG_RS01855","NC_002607.1","+",368167,368167,368811,-1,FALSE
"gene-VNG_RS01865","mce","NC_002607.1","-",369798,369409,369798,0,FALSE
"gene-VNG_RS01880","VNG_RS01880","NC_002607.1","-",373508,372939,373508,0,FALSE
"gene-VNG_RS01890","VNG_RS01890","NC_002607.1","+",374853,374853,376823,-1,FALSE
"gene-VNG_RS01915","dnaJ","NC_002607.1","-",380482,379302,380477,5,TRUE
"gene-VNG_RS01935","VNG_RS01935","NC_002607.1","-",384446,384063,384446,0,FALSE
"gene-VNG_RS01945","VNG_RS01945","NC_002607.1","-",385914,385002,385913,1,TRUE
"gene-VNG_RS01950","VNG_RS01950","NC_002607.1","+",386009,386009,386755,-1,FALSE
"gene-VNG_RS01965","VNG_RS01965","NC_002607.1","+",389355,389355,390143,-1,FALSE
"gene-VNG_RS01970","VNG_RS01970","NC_002607.1","-",391321,390140,391321,0,FALSE
"gene-VNG_RS01990","VNG_RS01990","NC_002607.1","+",393802,393802,393999,-1,FALSE
"gene-VNG_RS01995","VNG_RS01995","NC_002607.1","-",395451,394230,395450,1,TRUE
"gene-VNG_RS02000","VNG_RS02000","NC_002607.1","+",395657,395657,395887,-1,FALSE
"gene-VNG_RS02015","VNG_RS02015","NC_002607.1","+",399808,399808,400059,-1,FALSE
"gene-VNG_RS02020","VNG_RS02020","NC_002607.1","-",400475,400047,400475,0,FALSE
"gene-VNG_RS02030","VNG_RS02030","NC_002607.1","-",401020,400823,401008,12,TRUE
"gene-VNG_RS02035","VNG_RS02035","NC_002607.1","+",401121,401122,403827,0,FALSE
"gene-VNG_RS02040","VNG_RS02040","NC_002607.1","-",404586,403843,404586,0,FALSE
"gene-VNG_RS02045","VNG_RS02045","NC_002607.1","+",404878,404888,405814,9,TRUE
"gene-VNG_RS02060","VNG_RS02060","NC_002607.1","+",408568,408603,409097,34,TRUE
"gene-VNG_RS02085","VNG_RS02085","NC_002607.1","+",411281,411320,412003,38,TRUE
"gene-VNG_RS02095","VNG_RS02095","NC_002607.1","-",413396,412713,413390,6,TRUE
"gene-VNG_RS02110","VNG_RS02110","NC_002607.1","-",417757,416799,417755,2,TRUE
"gene-VNG_RS02115","VNG_RS02115","NC_002607.1","-",419099,417903,419099,0,FALSE
"gene-VNG_RS02135","VNG_RS02135","NC_002607.1","-",422657,421905,422657,0,FALSE
"gene-VNG_RS02155","VNG_RS02155","NC_002607.1","-",424122,423822,424103,19,TRUE
"gene-VNG_RS14440","VNG_RS14440","NC_002607.1","+",425623,425623,425889,-1,FALSE
"gene-VNG_RS02185","VNG_RS02185","NC_002607.1","-",430222,430148,430222,0,FALSE
"gene-VNG_RS02195","hpt","NC_002607.1","-",431600,431034,431600,0,FALSE
"gene-VNG_RS02240","VNG_RS02240","NC_002607.1","-",439627,438469,439563,64,TRUE
"gene-VNG_RS02255","VNG_RS02255","NC_002607.1","-",442067,441519,442067,0,FALSE
"gene-VNG_RS02260","VNG_RS02260","NC_002607.1","+",442210,442210,442467,-1,FALSE
"gene-VNG_RS02275","VNG_RS02275","NC_002607.1","+",444709,444728,445168,18,TRUE
"gene-VNG_RS02275","VNG_RS02275","NC_002607.1","+",444728,444728,445168,-1,FALSE
"gene-VNG_RS02310","VNG_RS02310","NC_002607.1","-",449391,448700,449389,2,TRUE
"gene-VNG_RS02315","VNG_RS02315","NC_002607.1","-",450377,449465,450376,1,TRUE
"gene-VNG_RS02320","VNG_RS02320","NC_002607.1","+",450472,450472,450960,-1,FALSE
"gene-VNG_RS02330","nth","NC_002607.1","-",452384,451701,452384,0,FALSE
"gene-VNG_RS02335","mvaD","NC_002607.1","+",452492,452492,453469,-1,FALSE
"gene-VNG_RS02345","VNG_RS02345","NC_002607.1","+",454135,454135,454461,-1,FALSE
"gene-VNG_RS02350","VNG_RS02350","NC_002607.1","-",455086,454472,455086,0,FALSE
"gene-VNG_RS02355","VNG_RS02355","NC_002607.1","+",455273,455273,456031,-1,FALSE
"gene-VNG_RS02360","VNG_RS02360","NC_002607.1","+",456082,456082,456483,-1,FALSE
"gene-VNG_RS02380","VNG_RS02380","NC_002607.1","+",459071,459075,459317,3,TRUE
"gene-VNG_RS02385","VNG_RS02385","NC_002607.1","-",459794,459333,459794,0,FALSE
"gene-VNG_RS02405","VNG_RS02405","NC_002607.1","-",462908,462193,462840,68,TRUE
"gene-VNG_RS02415","VNG_RS02415","NC_002607.1","+",463911,463914,463988,2,TRUE
"gene-VNG_RS02420","VNG_RS02420","NC_002607.1","+",464337,464523,465503,185,TRUE
"gene-VNG_RS02440","VNG_RS02440","NC_002607.1","-",469806,467390,469759,47,TRUE
"gene-VNG_RS02460","VNG_RS02460","NC_002607.1","-",474712,473684,474712,0,FALSE
"gene-VNG_RS02475","VNG_RS02475","NC_002607.1","-",477500,477027,477500,0,FALSE
"gene-VNG_RS02485","gdhA1","NC_002607.1","+",478480,478480,479733,-1,FALSE
"gene-VNG_RS02495","ribH","NC_002607.1","-",481397,480996,481397,0,FALSE
"gene-VNG_RS02500","VNG_RS02500","NC_002607.1","+",481491,481494,483239,2,TRUE
"gene-VNG_RS02515","VNG_RS02515","NC_002607.1","+",485177,485194,485604,16,TRUE
"gene-VNG_RS02570","VNG_RS02570","NC_002607.1","+",495615,495620,497053,4,TRUE
"gene-VNG_RS02575","VNG_RS02575","NC_002607.1","+",497085,497085,497903,-1,FALSE
"gene-VNG_RS02580","VNG_RS02580","NC_002607.1","+",498279,498281,499984,1,TRUE
"gene-VNG_RS02585","VNG_RS02585","NC_002607.1","-",500732,499989,500732,0,FALSE
"gene-VNG_RS02595","ctaD","NC_002607.1","-",503053,501272,503053,0,FALSE
"gene-VNG_RS02600","VNG_RS02600","NC_002607.1","-",503407,503179,503406,1,TRUE
"gene-VNG_RS02605","VNG_RS02605","NC_002607.1","-",503810,503448,503810,0,FALSE
"gene-VNG_RS02610","VNG_RS02610","NC_002607.1","+",503953,503953,504810,-1,FALSE
"gene-VNG_RS02615","VNG_RS02615","NC_002607.1","+",504860,504860,505708,-1,FALSE
"gene-VNG_RS02620","coxB","NC_002607.1","-",506479,505709,506476,3,TRUE
"gene-VNG_RS02635","VNG_RS02635","NC_002607.1","+",508660,508660,509556,-1,FALSE
"gene-VNG_RS02650","VNG_RS02650","NC_002607.1","-",511413,510805,511413,0,FALSE
"gene-VNG_RS02655","VNG_RS02655","NC_002607.1","+",511535,511535,511951,-1,FALSE
"gene-VNG_RS02665","VNG_RS02665","NC_002607.1","+",512985,512985,513917,-1,FALSE
"gene-VNG_RS02675","VNG_RS02675","NC_002607.1","-",515461,514274,515461,0,FALSE
"gene-VNG_RS02685","VNG_RS02685","NC_002607.1","-",516978,515836,516978,0,FALSE
"gene-VNG_RS02690","VNG_RS02690","NC_002607.1","+",517106,517113,518156,6,TRUE
"gene-VNG_RS02700","VNG_RS02700","NC_002607.1","+",519125,519129,519815,3,TRUE
"gene-VNG_RS02705","fba1","NC_002607.1","+",519913,519914,520705,0,FALSE
"gene-VNG_RS02715","VNG_RS02715","NC_002607.1","+",521594,521594,522283,-1,FALSE
"gene-VNG_RS02720","VNG_RS02720","NC_002607.1","+",522661,522686,523456,24,TRUE
"gene-VNG_RS02720","VNG_RS02720","NC_002607.1","+",522668,522686,523456,17,TRUE
"gene-VNG_RS02745","VNG_RS02745","NC_002607.1","-",528532,527835,528500,32,TRUE
"gene-VNG_RS02755","VNG_RS02755","NC_002607.1","+",531403,531405,531611,1,TRUE
"gene-VNG_RS02760","VNG_RS02760","NC_002607.1","+",531633,531750,532034,116,TRUE
"gene-VNG_RS02760","VNG_RS02760","NC_002607.1","+",531748,531750,532034,1,TRUE
"gene-VNG_RS02765","VNG_RS02765","NC_002607.1","-",532409,532038,532409,0,FALSE
"gene-VNG_RS02770","VNG_RS02770","NC_002607.1","-",534006,532495,534006,0,FALSE
"gene-VNG_RS02780","VNG_RS02780","NC_002607.1","+",534852,534852,535388,-1,FALSE
"gene-VNG_RS02790","VNG_RS02790","NC_002607.1","+",536584,536584,537165,-1,FALSE
"gene-VNG_RS02800","thiC","NC_002607.1","+",537984,537985,539415,0,FALSE
"gene-VNG_RS02805","VNG_RS02805","NC_002607.1","-",541044,539412,541040,4,TRUE
"gene-VNG_RS02810","VNG_RS02810","NC_002607.1","+",541134,541134,541460,-1,FALSE
"gene-VNG_RS02815","VNG_RS02815","NC_002607.1","-",542150,541473,542150,0,FALSE
"gene-VNG_RS02830","VNG_RS02830","NC_002607.1","-",545673,544564,545673,0,FALSE
"gene-VNG_RS02840","VNG_RS02840","NC_002607.1","+",546070,546070,546978,-1,FALSE
"gene-VNG_RS02845","VNG_RS02845","NC_002607.1","-",547579,546988,547578,1,TRUE
"gene-VNG_RS02855","VNG_RS02855","NC_002607.1","+",549571,549641,550258,69,TRUE
"gene-VNG_RS02855","VNG_RS02855","NC_002607.1","+",549641,549641,550258,-1,FALSE
"gene-VNG_RS02860","VNG_RS02860","NC_002607.1","-",551166,550255,551166,0,FALSE
"gene-VNG_RS02870","rtcA","NC_002607.1","-",552742,551723,552742,0,FALSE
"gene-VNG_RS02880","VNG_RS02880","NC_002607.1","-",554433,553409,554386,47,TRUE
"gene-VNG_RS02900","VNG_RS02900","NC_002607.1","+",557749,557749,557973,-1,FALSE
"gene-VNG_RS02905","VNG_RS02905","NC_002607.1","-",558617,557985,558617,0,FALSE
"gene-VNG_RS02910","VNG_RS02910","NC_002607.1","+",558704,558704,559006,-1,FALSE
"gene-VNG_RS02920","VNG_RS02920","NC_002607.1","+",559815,559815,560261,-1,FALSE
"gene-VNG_RS02940","VNG_RS02940","NC_002607.1","-",567979,565827,567884,95,TRUE
"gene-VNG_RS02945","VNG_RS02945","NC_002607.1","+",568228,568228,568947,-1,FALSE
"gene-VNG_RS02965","VNG_RS02965","NC_002607.1","-",572342,571614,572270,72,TRUE
"gene-VNG_RS02970","VNG_RS02970","NC_002607.1","+",572464,572464,573042,-1,FALSE
"gene-VNG_RS02975","VNG_RS02975","NC_002607.1","+",573250,573251,573769,0,FALSE
"gene-VNG_RS02990","VNG_RS02990","NC_002607.1","+",575197,575197,575892,-1,FALSE
"gene-VNG_RS03000","VNG_RS03000","NC_002607.1","+",576838,576838,577914,-1,FALSE
"gene-VNG_RS03005","VNG_RS03005","NC_002607.1","-",578094,577924,578094,0,FALSE
"gene-VNG_RS03020","VNG_RS03020","NC_002607.1","+",579517,579518,579742,0,FALSE
"gene-VNG_RS03030","VNG_RS03030","NC_002607.1","-",581963,580451,581962,1,TRUE
"gene-VNG_RS03035","VNG_RS03035","NC_002607.1","-",582993,582038,582886,107,TRUE
"gene-VNG_RS03040","VNG_RS03040","NC_002607.1","+",583046,583046,584185,-1,FALSE
"gene-VNG_RS03050","VNG_RS03050","NC_002607.1","-",585127,584642,585127,0,FALSE
"gene-VNG_RS03065","VNG_RS03065","NC_002607.1","-",590003,588702,590003,0,FALSE
"gene-VNG_RS03075","VNG_RS03075","NC_002607.1","+",590830,590830,591279,-1,FALSE
"gene-VNG_RS03095","VNG_RS03095","NC_002607.1","-",593895,593307,593774,121,TRUE
"gene-VNG_RS03100","VNG_RS03100","NC_002607.1","+",593991,593999,594070,7,TRUE
"gene-VNG_RS03110","VNG_RS03110","NC_002607.1","-",597876,596727,597866,10,TRUE
"gene-VNG_RS03115","VNG_RS03115","NC_002607.1","+",598237,598271,598744,33,TRUE
"gene-VNG_RS03120","VNG_RS03120","NC_002607.1","+",598879,598879,600096,-1,FALSE
"gene-VNG_RS03125","VNG_RS03125","NC_002607.1","+",600156,600156,601424,-1,FALSE
"gene-VNG_RS03155","htr4","NC_002607.1","-",606709,604372,606708,1,TRUE
"gene-VNG_RS03160","VNG_RS03160","NC_002607.1","-",608225,606864,608225,0,FALSE
"gene-VNG_RS03165","VNG_RS03165","NC_002607.1","+",608338,608338,608895,-1,FALSE
"gene-VNG_RS03170","VNG_RS03170","NC_002607.1","-",609248,608896,609219,29,TRUE
"gene-VNG_RS03175","htr18","NC_002607.1","+",609510,609510,611960,-1,FALSE
"gene-VNG_RS03185","VNG_RS03185","NC_002607.1","-",613859,613227,613859,0,FALSE
"gene-VNG_RS03190","VNG_RS03190","NC_002607.1","+",613996,613996,615006,-1,FALSE
"gene-VNG_RS03210","VNG_RS03210","NC_002607.1","-",620533,620463,620533,0,FALSE
"gene-VNG_RS03210","VNG_RS03210","NC_002607.1","-",620535,620463,620533,2,TRUE
"gene-VNG_RS03245","VNG_RS03245","NC_002607.1","+",627211,627213,627452,1,TRUE
"gene-VNG_RS03290","VNG_RS03290","NC_002607.1","+",636822,636822,637199,-1,FALSE
"gene-VNG_RS03305","VNG_RS03305","NC_002607.1","-",639591,638908,639591,0,FALSE
"gene-VNG_RS03310","VNG_RS03310","NC_002607.1","-",640482,639672,640481,1,TRUE
"gene-VNG_RS03315","VNG_RS03315","NC_002607.1","+",640617,640617,642092,-1,FALSE
"gene-VNG_RS03325","VNG_RS03325","NC_002607.1","-",644442,643071,644420,22,TRUE
"gene-VNG_RS03330","VNG_RS03330","NC_002607.1","-",645343,644507,645343,0,FALSE
"gene-VNG_RS03340","VNG_RS03340","NC_002607.1","-",646483,646085,646483,0,FALSE
"gene-VNG_RS03355","VNG_RS03355","NC_002607.1","-",650081,648285,650081,0,FALSE
"gene-VNG_RS03360","VNG_RS03360","NC_002607.1","+",650181,650181,650465,-1,FALSE
"gene-VNG_RS03365","hisF","NC_002607.1","-",651302,650472,651293,9,TRUE
"gene-VNG_RS14180","VNG_RS14180","NC_002607.1","+",651889,651889,652026,-1,FALSE
"gene-VNG_RS03375","purL","NC_002607.1","-",654138,652034,654136,2,TRUE
"gene-VNG_RS03380","VNG_RS03380","NC_002607.1","+",654252,654252,654935,-1,FALSE
"gene-VNG_RS03400","gatC","NC_002607.1","+",657686,657686,657961,-1,FALSE
"gene-VNG_RS03410","VNG_RS03410","NC_002607.1","-",659707,659240,659707,0,FALSE
"gene-VNG_RS03415","VNG_RS03415","NC_002607.1","+",659809,659810,661324,0,FALSE
"gene-VNG_RS03425","purM","NC_002607.1","+",661987,661987,662982,-1,FALSE
"gene-VNG_RS03430","VNG_RS03430","NC_002607.1","-",663607,663068,663607,0,FALSE
"gene-VNG_RS03435","VNG_RS03435","NC_002607.1","-",664013,663648,664013,0,FALSE
"gene-VNG_RS03440","psmB","NC_002607.1","+",664247,664248,664979,0,FALSE
"gene-VNG_RS03450","VNG_RS03450","NC_002607.1","+",666861,666861,667634,-1,FALSE
"gene-VNG_RS03465","VNG_RS03465","NC_002607.1","-",671961,669542,671956,5,TRUE
"gene-VNG_RS03470","gyrB","NC_002607.1","+",672091,672098,674011,6,TRUE
"gene-VNG_RS03480","VNG_RS03480","NC_002607.1","+",676676,676676,677209,-1,FALSE
"gene-VNG_RS14185","VNG_RS14185","NC_002607.1","+",678467,678467,678622,-1,FALSE
"gene-VNG_RS03495","VNG_RS03495","NC_002607.1","-",679961,679140,679961,0,FALSE
"gene-VNG_RS03500","cdd","NC_002607.1","-",680419,680015,680419,0,FALSE
"gene-VNG_RS03520","VNG_RS03520","NC_002607.1","-",685366,684313,685362,4,TRUE
"gene-VNG_RS03530","VNG_RS03530","NC_002607.1","-",687377,686893,687372,5,TRUE
"gene-VNG_RS03545","VNG_RS03545","NC_002607.1","+",689925,689936,690208,10,TRUE
"gene-VNG_RS03555","VNG_RS03555","NC_002607.1","-",692713,691613,692713,0,FALSE
"gene-VNG_RS03605","VNG_RS03605","NC_002607.1","-",705964,704811,705959,5,TRUE
"gene-VNG_RS03625","VNG_RS03625","NC_002607.1","+",709490,709490,710641,-1,FALSE
"gene-VNG_RS03635","VNG_RS03635","NC_002607.1","-",712147,711047,712147,0,FALSE
"gene-VNG_RS14195","VNG_RS14195","NC_002607.1","-",712447,712274,712447,0,FALSE
"gene-VNG_RS03640","VNG_RS03640","NC_002607.1","-",713144,712502,713143,1,TRUE
"gene-VNG_RS03670","VNG_RS03670","NC_002607.1","-",720243,719845,720243,0,FALSE
"gene-VNG_RS03670","VNG_RS03670","NC_002607.1","-",720274,719845,720243,31,TRUE
"gene-VNG_RS03675","VNG_RS03675","NC_002607.1","+",720330,720331,720678,0,FALSE
"gene-VNG_RS03680","VNG_RS03680","NC_002607.1","+",720738,720747,721028,8,TRUE
"gene-VNG_RS03715","VNG_RS03715","NC_002607.1","-",728858,727343,728857,1,TRUE
"gene-VNG_RS03715","VNG_RS03715","NC_002607.1","-",728859,727343,728857,2,TRUE
"gene-VNG_RS03730","VNG_RS03730","NC_002607.1","-",731634,731395,731634,0,FALSE
"gene-VNG_RS03735","VNG_RS03735","NC_002607.1","+",731750,731799,732380,48,TRUE
"gene-VNG_RS03750","VNG_RS03750","NC_002607.1","+",733645,733645,734865,-1,FALSE
"gene-VNG_RS03755","cheF1","NC_002607.1","+",734936,735009,735881,72,TRUE
"gene-VNG_RS03760","cheF2","NC_002607.1","-",736787,735910,736773,14,TRUE
"gene-VNG_RS03795","cheY","NC_002607.1","-",743248,742886,743248,0,FALSE
"gene-VNG_RS03800","VNG_RS03800","NC_002607.1","-",743835,743295,743831,4,TRUE
"gene-VNG_RS03805","VNG_RS03805","NC_002607.1","-",744489,743896,744489,0,FALSE
"gene-VNG_RS03810","VNG_RS03810","NC_002607.1","+",744606,744606,745511,-1,FALSE
"gene-VNG_RS03815","VNG_RS03815","NC_002607.1","+",745648,745648,746763,-1,FALSE
"gene-VNG_RS03820","VNG_RS03820","NC_002607.1","+",746843,746843,747133,-1,FALSE
"gene-VNG_RS03830","VNG_RS03830","NC_002607.1","+",748772,748778,748851,5,TRUE
"gene-VNG_RS03835","VNG_RS03835","NC_002607.1","+",749271,749392,751398,120,TRUE
"gene-VNG_RS03840","VNG_RS03840","NC_002607.1","-",752265,751903,752106,159,TRUE
"gene-VNG_RS03840","VNG_RS03840","NC_002607.1","-",752275,751903,752106,169,TRUE
"gene-VNG_RS03870","VNG_RS03870","NC_002607.1","+",760260,760365,760553,104,TRUE
"gene-VNG_RS03870","VNG_RS03870","NC_002607.1","+",760304,760365,760553,60,TRUE
"gene-VNG_RS03880","acs","NC_002607.1","+",762604,762609,764612,4,TRUE
"gene-VNG_RS03890","VNG_RS03890","NC_002607.1","-",766017,765775,766017,0,FALSE
"gene-VNG_RS03895","VNG_RS03895","NC_002607.1","+",766395,766395,766595,-1,FALSE
"gene-VNG_RS03905","guaB","NC_002607.1","-",768454,766955,768454,0,FALSE
"gene-VNG_RS03910","VNG_RS03910","NC_002607.1","+",768761,768965,769882,203,TRUE
"gene-VNG_RS03910","VNG_RS03910","NC_002607.1","+",768772,768965,769882,192,TRUE
"gene-VNG_RS03915","VNG_RS03915","NC_002607.1","+",769965,769965,770189,-1,FALSE
"gene-VNG_RS03925","VNG_RS03925","NC_002607.1","+",770512,770516,770691,3,TRUE
"gene-VNG_RS03925","VNG_RS03925","NC_002607.1","+",770516,770516,770691,-1,FALSE
"gene-VNG_RS13310","VNG_RS13310","NC_002607.1","+",770923,770923,771546,-1,FALSE
"gene-VNG_RS03935","VNG_RS03935","NC_002607.1","+",773321,773360,773950,38,TRUE
"gene-VNG_RS03945","VNG_RS03945","NC_002607.1","+",774733,774736,775503,2,TRUE
"gene-VNG_RS03950","VNG_RS03950","NC_002607.1","+",775560,775560,775805,-1,FALSE
"gene-VNG_RS03955","htr13","NC_002607.1","-",777085,775802,777073,12,TRUE
"gene-VNG_RS03970","VNG_RS03970","NC_002607.1","-",779960,778857,779960,0,FALSE
"gene-VNG_RS03975","VNG_RS03975","NC_002607.1","+",780051,780051,782048,-1,FALSE
"gene-VNG_RS03985","VNG_RS03985","NC_002607.1","+",782904,782934,783695,29,TRUE
"gene-VNG_RS04010","tpiA","NC_002607.1","-",787174,786530,787174,0,FALSE
"gene-VNG_RS04015","VNG_RS04015","NC_002607.1","-",787760,787221,787760,0,FALSE
"gene-VNG_RS04030","hisC","NC_002607.1","-",790005,788905,790005,0,FALSE
"gene-VNG_RS04055","VNG_RS04055","NC_002607.1","+",793604,793607,794329,2,TRUE
"gene-VNG_RS04065","VNG_RS04065","NC_002607.1","+",795289,795292,795687,2,TRUE
"gene-VNG_RS04070","VNG_RS04070","NC_002607.1","+",795777,795777,796229,-1,FALSE
"gene-VNG_RS14205","VNG_RS14205","NC_002607.1","-",796389,796243,796389,0,FALSE
"gene-VNG_RS04080","aglM","NC_002607.1","-",798067,796773,798053,14,TRUE
"gene-VNG_RS04090","VNG_RS04090","NC_002607.1","+",798683,798683,799369,-1,FALSE
"gene-VNG_RS04095","aglJ","NC_002607.1","-",800301,799383,800300,1,TRUE
"gene-VNG_RS04105","aglF","NC_002607.1","+",801935,801935,802657,-1,FALSE
"gene-VNG_RS04115","VNG_RS04115","NC_002607.1","-",805084,803726,805084,0,FALSE
"gene-VNG_RS04120","VNG_RS04120","NC_002607.1","+",805205,805308,806426,102,TRUE
"gene-VNG_RS04125","VNG_RS04125","NC_002607.1","-",807695,806499,807695,0,FALSE
"gene-VNG_RS04160","aglG","NC_002607.1","-",815209,814270,815208,1,TRUE
"gene-VNG_RS04180","VNG_RS04180","NC_002607.1","-",821197,820841,821197,0,FALSE
"gene-VNG_RS04220","VNG_RS04220","NC_002607.1","-",831214,830618,831214,0,FALSE
"gene-VNG_RS04225","VNG_RS04225","NC_002607.1","+",831371,831377,831595,5,TRUE
"gene-VNG_RS04230","VNG_RS04230","NC_002607.1","+",831651,831651,831929,-1,FALSE
"gene-VNG_RS04235","VNG_RS04235","NC_002607.1","+",832010,832010,833953,-1,FALSE
"gene-VNG_RS04240","VNG_RS04240","NC_002607.1","-",834277,833972,834274,3,TRUE
"gene-VNG_RS04245","VNG_RS04245","NC_002607.1","+",834481,834481,835803,-1,FALSE
"gene-VNG_RS04250","VNG_RS04250","NC_002607.1","+",835854,835854,836057,-1,FALSE
"gene-VNG_RS04255","VNG_RS04255","NC_002607.1","+",836099,836099,836659,-1,FALSE
"gene-VNG_RS04265","VNG_RS04265","NC_002607.1","-",838644,837766,838644,0,FALSE
"gene-VNG_RS04270","VNG_RS04270","NC_002607.1","+",838755,838756,839919,0,FALSE
"gene-VNG_RS04285","cysS","NC_002607.1","+",840756,840757,842241,0,FALSE
"gene-VNG_RS04290","VNG_RS04290","NC_002607.1","+",842300,842300,843136,-1,FALSE
"gene-VNG_RS04315","VNG_RS04315","NC_002607.1","-",847178,846465,847103,75,TRUE
"gene-VNG_RS04320","VNG_RS04320","NC_002607.1","-",847795,847304,847795,0,FALSE
"gene-VNG_RS04330","VNG_RS04330","NC_002607.1","+",848172,848173,849285,0,FALSE
"gene-VNG_RS04350","dph5","NC_002607.1","-",851808,851026,851808,0,FALSE
"gene-VNG_RS04355","VNG_RS04355","NC_002607.1","+",851896,851896,852879,-1,FALSE
"gene-VNG_RS04360","VNG_RS04360","NC_002607.1","+",852919,852957,853028,37,TRUE
"gene-VNG_RS04360","VNG_RS04360","NC_002607.1","+",852936,852957,853028,20,TRUE
"gene-VNG_RS04360","VNG_RS04360","NC_002607.1","+",852957,852957,853028,-1,FALSE
"gene-VNG_RS04365","VNG_RS04365","NC_002607.1","+",853040,853141,853365,100,TRUE
"gene-VNG_RS04365","VNG_RS04365","NC_002607.1","+",853141,853141,853365,-1,FALSE
"gene-VNG_RS04370","VNG_RS04370","NC_002607.1","-",853894,853418,853894,0,FALSE
"gene-VNG_RS04375","VNG_RS04375","NC_002607.1","+",854013,854013,855161,-1,FALSE
"gene-VNG_RS04380","lrpA1","NC_002607.1","-",855582,855154,855582,0,FALSE
"gene-VNG_RS04390","VNG_RS04390","NC_002607.1","-",858575,856660,858546,29,TRUE
"gene-VNG_RS04405","VNG_RS04405","NC_002607.1","+",860111,860171,860253,59,TRUE
"gene-VNG_RS04410","VNG_RS04410","NC_002607.1","+",860256,860275,860790,18,TRUE
"gene-VNG_RS04430","VNG_RS04430","NC_002607.1","+",862554,862573,862657,18,TRUE
"gene-VNG_RS04470","VNG_RS04470","NC_002607.1","-",867097,866282,867097,0,FALSE
"gene-VNG_RS04475","mvk","NC_002607.1","+",867210,867210,868202,-1,FALSE
"gene-VNG_RS04485","VNG_RS04485","NC_002607.1","+",869033,869155,870501,121,TRUE
"gene-VNG_RS04500","VNG_RS04500","NC_002607.1","+",871960,871960,873720,-1,FALSE
"gene-VNG_RS04505","VNG_RS04505","NC_002607.1","-",874207,873734,874207,0,FALSE
"gene-VNG_RS04515","rpl7ae","NC_002607.1","+",876579,876667,877029,87,TRUE
"gene-VNG_RS04535","VNG_RS04535","NC_002607.1","-",878925,877978,878925,0,FALSE
"gene-VNG_RS04550","VNG_RS04550","NC_002607.1","-",881472,880623,881471,1,TRUE
"gene-VNG_RS04555","VNG_RS04555","NC_002607.1","-",882102,881509,882102,0,FALSE
"gene-VNG_RS04565","VNG_RS04565","NC_002607.1","-",882810,882503,882802,8,TRUE
"gene-VNG_RS14125","VNG_RS14125","NC_002607.1","-",883085,882933,883079,6,TRUE
"gene-VNG_RS14125","VNG_RS14125","NC_002607.1","-",883089,882933,883079,10,TRUE
"gene-VNG_RS04570","VNG_RS04570","NC_002607.1","+",883195,883195,884376,-1,FALSE
"gene-VNG_RS04580","VNG_RS04580","NC_002607.1","-",884888,884715,884888,0,FALSE
"gene-VNG_RS04585","VNG_RS04585","NC_002607.1","-",886800,884967,886793,7,TRUE
"gene-VNG_RS04610","msrA","NC_002607.1","+",889326,889326,889859,-1,FALSE
"gene-VNG_RS04620","VNG_RS04620","NC_002607.1","+",890598,890603,891091,4,TRUE
"gene-VNG_RS04640","VNG_RS04640","NC_002607.1","+",893921,893923,895062,1,TRUE
"gene-VNG_RS04650","VNG_RS04650","NC_002607.1","-",896162,895707,896162,0,FALSE
"gene-VNG_RS04655","sod","NC_002607.1","-",896859,896255,896857,2,TRUE
"gene-VNG_RS04660","VNG_RS04660","NC_002607.1","+",896996,896996,898141,-1,FALSE
"gene-VNG_RS04665","VNG_RS04665","NC_002607.1","-",899430,898154,899398,32,TRUE
"gene-VNG_RS04670","VNG_RS04670","NC_002607.1","-",899731,899522,899731,0,FALSE
"gene-VNG_RS04675","VNG_RS04675","NC_002607.1","-",900121,899768,900121,0,FALSE
"gene-VNG_RS04680","VNG_RS04680","NC_002607.1","-",900624,900160,900624,0,FALSE
"gene-VNG_RS04685","VNG_RS04685","NC_002607.1","-",902079,900703,902079,0,FALSE
"gene-VNG_RS04690","VNG_RS04690","NC_002607.1","+",902216,902216,902422,-1,FALSE
"gene-VNG_RS04705","gdhA2","NC_002607.1","-",905068,903818,905068,0,FALSE
"gene-VNG_RS04745","VNG_RS04745","NC_002607.1","+",913365,913569,914321,203,TRUE
"gene-VNG_RS04745","VNG_RS04745","NC_002607.1","+",913369,913569,914321,199,TRUE
"gene-VNG_RS04745","VNG_RS04745","NC_002607.1","+",913376,913569,914321,192,TRUE
"gene-VNG_RS04745","VNG_RS04745","NC_002607.1","+",913382,913569,914321,186,TRUE
"gene-VNG_RS04745","VNG_RS04745","NC_002607.1","+",913397,913569,914321,171,TRUE
"gene-VNG_RS04745","VNG_RS04745","NC_002607.1","+",913431,913569,914321,137,TRUE
"gene-VNG_RS04745","VNG_RS04745","NC_002607.1","+",913434,913569,914321,134,TRUE
"gene-VNG_RS04745","VNG_RS04745","NC_002607.1","+",913569,913569,914321,-1,FALSE
"gene-VNG_RS04785","VNG_RS04785","NC_002607.1","-",920358,920276,920358,0,FALSE
"gene-VNG_RS04785","VNG_RS04785","NC_002607.1","-",920362,920276,920358,4,TRUE
"gene-VNG_RS04790","orc8","NC_002607.1","+",920664,920669,921862,4,TRUE
"gene-VNG_RS04795","VNG_RS04795","NC_002607.1","-",922776,922015,922776,0,FALSE
"gene-VNG_RS04810","VNG_RS04810","NC_002607.1","+",923886,923886,924092,-1,FALSE
"gene-VNG_RS04815","aroC","NC_002607.1","-",925533,924127,925311,222,TRUE
"gene-VNG_RS04820","aroA","NC_002607.1","-",926852,925560,926852,0,FALSE
"gene-VNG_RS04825","VNG_RS04825","NC_002607.1","+",926974,926974,928149,-1,FALSE
"gene-VNG_RS04830","VNG_RS04830","NC_002607.1","-",929547,928165,929535,12,TRUE
"gene-VNG_RS04845","VNG_RS04845","NC_002607.1","+",931821,931821,932303,-1,FALSE
"gene-VNG_RS04860","surE","NC_002607.1","+",935123,935124,935900,0,FALSE
"gene-VNG_RS04875","VNG_RS04875","NC_002607.1","-",937260,936406,937260,0,FALSE
"gene-VNG_RS04880","VNG_RS04880","NC_002607.1","+",937346,937348,937776,1,TRUE
"gene-VNG_RS14555","VNG_RS14555","NC_002607.1","-",937911,937777,937911,0,FALSE
"gene-VNG_RS04900","VNG_RS04900","NC_002607.1","-",940758,939667,940674,84,TRUE
"gene-VNG_RS04930","VNG_RS04930","NC_002607.1","-",948211,947927,948211,0,FALSE
"gene-VNG_RS04935","VNG_RS04935","NC_002607.1","-",949348,948260,949348,0,FALSE
"gene-VNG_RS04940","VNG_RS04940","NC_002607.1","+",949462,949462,949746,-1,FALSE
"gene-VNG_RS04945","VNG_RS04945","NC_002607.1","+",949891,949891,950073,-1,FALSE
"gene-VNG_RS04950","VNG_RS04950","NC_002607.1","-",950476,950078,950476,0,FALSE
"gene-VNG_RS04955","VNG_RS04955","NC_002607.1","+",950615,950618,950860,2,TRUE
"gene-VNG_RS04965","VNG_RS04965","NC_002607.1","+",951404,951404,952309,-1,FALSE
"gene-VNG_RS04980","VNG_RS04980","NC_002607.1","+",955446,955446,956882,-1,FALSE
"gene-VNG_RS04990","hflX","NC_002607.1","-",958684,957376,958683,1,TRUE
"gene-VNG_RS04990","hflX","NC_002607.1","-",958685,957376,958683,2,TRUE
"gene-VNG_RS05025","VNG_RS05025","NC_002607.1","-",963932,962319,963932,0,FALSE
"gene-VNG_RS05030","VNG_RS05030","NC_002607.1","-",964770,964009,964770,0,FALSE
"gene-VNG_RS05045","VNG_RS05045","NC_002607.1","-",966389,965562,966389,0,FALSE
"gene-VNG_RS05045","VNG_RS05045","NC_002607.1","-",966537,965562,966389,148,TRUE
"gene-VNG_RS05045","VNG_RS05045","NC_002607.1","-",966543,965562,966389,154,TRUE
"gene-VNG_RS05050","VNG_RS05050","NC_002607.1","-",967534,966623,967534,0,FALSE
"gene-VNG_RS05065","VNG_RS05065","NC_002607.1","+",968576,968577,969803,0,FALSE
"gene-VNG_RS05070","VNG_RS05070","NC_002607.1","+",969880,969880,971058,-1,FALSE
"gene-VNG_RS05080","VNG_RS05080","NC_002607.1","-",972505,971521,972504,1,TRUE
"gene-VNG_RS05085","VNG_RS05085","NC_002607.1","+",972618,972633,972983,14,TRUE
"gene-VNG_RS05095","purD","NC_002607.1","+",975273,975273,976565,-1,FALSE
"gene-VNG_RS05125","VNG_RS05125","NC_002607.1","+",980918,980918,982897,-1,FALSE
"gene-VNG_RS05130","VNG_RS05130","NC_002607.1","+",982985,982991,983065,5,TRUE
"gene-VNG_RS05135","VNG_RS05135","NC_002607.1","+",983196,983197,983418,0,FALSE
"gene-VNG_RS05150","VNG_RS05150","NC_002607.1","-",986270,984584,986269,1,TRUE
"gene-VNG_RS05155","VNG_RS05155","NC_002607.1","+",986381,986387,987505,5,TRUE
"gene-VNG_RS05165","VNG_RS05165","NC_002607.1","-",990452,989961,990395,57,TRUE
"gene-VNG_RS05170","VNG_RS05170","NC_002607.1","-",990853,990773,990847,6,TRUE
"gene-VNG_RS05175","thyX","NC_002607.1","-",991687,990944,991687,0,FALSE
"gene-VNG_RS05180","VNG_RS05180","NC_002607.1","+",991773,991773,992111,-1,FALSE
"gene-VNG_RS05190","VNG_RS05190","NC_002607.1","-",993020,992751,993020,0,FALSE
"gene-VNG_RS05200","sod","NC_002607.1","-",994214,993598,994200,14,TRUE
"gene-VNG_RS05205","VNG_RS05205","NC_002607.1","-",995710,994265,995710,0,FALSE
"gene-VNG_RS05220","VNG_RS05220","NC_002607.1","+",997737,997742,999307,4,TRUE
"gene-VNG_RS05240","VNG_RS05240","NC_002607.1","-",1002701,1002024,1002701,0,FALSE
"gene-VNG_RS05240","VNG_RS05240","NC_002607.1","-",1002745,1002024,1002701,44,TRUE
"gene-VNG_RS05240","VNG_RS05240","NC_002607.1","-",1002749,1002024,1002701,48,TRUE
"gene-VNG_RS05240","VNG_RS05240","NC_002607.1","-",1002776,1002024,1002701,75,TRUE
"gene-VNG_RS05240","VNG_RS05240","NC_002607.1","-",1002791,1002024,1002701,90,TRUE
"gene-VNG_RS05240","VNG_RS05240","NC_002607.1","-",1002796,1002024,1002701,95,TRUE
"gene-VNG_RS05245","VNG_RS05245","NC_002607.1","-",1003951,1002833,1003951,0,FALSE
"gene-VNG_RS05250","VNG_RS05250","NC_002607.1","+",1004042,1004042,1004611,-1,FALSE
"gene-VNG_RS05265","VNG_RS05265","NC_002607.1","-",1006790,1005848,1006789,1,TRUE
"gene-VNG_RS05270","VNG_RS05270","NC_002607.1","+",1006932,1006932,1007417,-1,FALSE
"gene-VNG_RS05285","VNG_RS05285","NC_002607.1","-",1011350,1010871,1011350,0,FALSE
"gene-VNG_RS05290","VNG_RS05290","NC_002607.1","-",1012807,1011395,1012807,0,FALSE
"gene-VNG_RS05315","VNG_RS05315","NC_002607.1","+",1015484,1015484,1016482,-1,FALSE
"gene-VNG_RS05320","VNG_RS05320","NC_002607.1","-",1017439,1016483,1017439,0,FALSE
"gene-VNG_RS05330","srp19","NC_002607.1","-",1018000,1017722,1018000,0,FALSE
"gene-VNG_RS05335","VNG_RS05335","NC_002607.1","-",1019149,1018040,1019149,0,FALSE
"gene-VNG_RS05350","VNG_RS05350","NC_002607.1","+",1021561,1021561,1022991,-1,FALSE
"gene-VNG_RS14210","VNG_RS14210","NC_002607.1","-",1026759,1026595,1026759,0,FALSE
"gene-VNG_RS05365","VNG_RS05365","NC_002607.1","-",1027410,1026961,1027410,0,FALSE
"gene-VNG_RS05370","VNG_RS05370","NC_002607.1","-",1028247,1027447,1028247,0,FALSE
"gene-VNG_RS05375","VNG_RS05375","NC_002607.1","-",1028484,1028396,1028480,4,TRUE
"gene-VNG_RS05425","VNG_RS05425","NC_002607.1","-",1036315,1036227,1036310,5,TRUE
"gene-VNG_RS05430","VNG_RS05430","NC_002607.1","+",1036408,1036408,1036719,-1,FALSE
"gene-VNG_RS05435","VNG_RS05435","NC_002607.1","-",1037209,1036721,1037209,0,FALSE
"gene-VNG_RS05455","VNG_RS05455","NC_002607.1","-",1040909,1040466,1040909,0,FALSE
"gene-VNG_RS05460","VNG_RS05460","NC_002607.1","-",1041458,1040976,1041458,0,FALSE
"gene-VNG_RS05465","VNG_RS05465","NC_002607.1","-",1041948,1041502,1041948,0,FALSE
"gene-VNG_RS05470","VNG_RS05470","NC_002607.1","-",1042369,1041974,1042369,0,FALSE
"gene-VNG_RS05490","VNG_RS05490","NC_002607.1","+",1045626,1045627,1046025,0,FALSE
"gene-VNG_RS05500","VNG_RS05500","NC_002607.1","+",1048271,1048271,1049413,-1,FALSE
"gene-VNG_RS05505","VNG_RS05505","NC_002607.1","-",1051200,1049424,1051178,22,TRUE
"gene-VNG_RS05510","VNG_RS05510","NC_002607.1","-",1052074,1051252,1052070,4,TRUE
"gene-VNG_RS05515","VNG_RS05515","NC_002607.1","-",1053865,1052148,1053863,2,TRUE
"gene-VNG_RS05520","glyA","NC_002607.1","+",1053977,1053977,1055224,-1,FALSE
"gene-VNG_RS05525","VNG_RS05525","NC_002607.1","+",1055356,1055397,1056290,40,TRUE
"gene-VNG_RS05525","VNG_RS05525","NC_002607.1","+",1055374,1055397,1056290,22,TRUE
"gene-VNG_RS05530","VNG_RS05530","NC_002607.1","-",1057029,1056325,1057029,0,FALSE
"gene-VNG_RS05540","VNG_RS05540","NC_002607.1","+",1058534,1058589,1059044,54,TRUE
"gene-VNG_RS14215","VNG_RS14215","NC_002607.1","+",1060045,1060045,1060191,-1,FALSE
"gene-VNG_RS05550","VNG_RS05550","NC_002607.1","-",1060698,1060402,1060698,0,FALSE
"gene-VNG_RS05570","cofD","NC_002607.1","+",1062600,1062600,1063610,-1,FALSE
"gene-VNG_RS05580","VNG_RS05580","NC_002607.1","+",1064474,1064474,1065466,-1,FALSE
"gene-VNG_RS05585","VNG_RS05585","NC_002607.1","+",1065552,1065552,1065731,-1,FALSE
"gene-VNG_RS05590","asd","NC_002607.1","+",1065778,1065778,1066809,-1,FALSE
"gene-VNG_RS05595","VNG_RS05595","NC_002607.1","-",1068023,1067076,1068023,0,FALSE
"gene-VNG_RS05600","VNG_RS05600","NC_002607.1","+",1068123,1068124,1068375,0,FALSE
"gene-VNG_RS13970","VNG_RS13970","NC_002607.1","+",1068407,1068448,1068648,40,TRUE
"gene-VNG_RS05610","VNG_RS05610","NC_002607.1","-",1070405,1069113,1070405,0,FALSE
"gene-VNG_RS05615","hisD","NC_002607.1","+",1070493,1070493,1071770,-1,FALSE
"gene-VNG_RS05620","VNG_RS05620","NC_002607.1","-",1072115,1071909,1072115,0,FALSE
"gene-VNG_RS05630","VNG_RS05630","NC_002607.1","-",1073392,1073153,1073392,0,FALSE
"gene-VNG_RS05635","VNG_RS05635","NC_002607.1","+",1073481,1073484,1074833,2,TRUE
"gene-VNG_RS05640","trmB","NC_002607.1","+",1074902,1074902,1075960,-1,FALSE
"gene-VNG_RS05645","VNG_RS05645","NC_002607.1","-",1076835,1075969,1076835,0,FALSE
"gene-VNG_RS05670","VNG_RS05670","NC_002607.1","+",1080550,1080550,1081038,-1,FALSE
"gene-VNG_RS05675","VNG_RS05675","NC_002607.1","-",1082053,1081040,1082008,45,TRUE
"gene-VNG_RS05705","VNG_RS05705","NC_002607.1","-",1088595,1087516,1088595,0,FALSE
"gene-VNG_RS05740","VNG_RS05740","NC_002607.1","-",1095081,1094827,1095075,6,TRUE
"gene-VNG_RS05740","VNG_RS05740","NC_002607.1","-",1095155,1094827,1095075,80,TRUE
"gene-VNG_RS05750","VNG_RS05750","NC_002607.1","+",1096355,1096379,1097941,23,TRUE
"gene-VNG_RS05760","panB","NC_002607.1","-",1101028,1100204,1101028,0,FALSE
"gene-VNG_RS05765","VNG_RS05765","NC_002607.1","+",1101118,1101118,1101351,-1,FALSE
"gene-VNG_RS05770","VNG_RS05770","NC_002607.1","-",1101873,1101355,1101873,0,FALSE
"gene-VNG_RS05775","cysE","NC_002607.1","+",1101972,1102027,1102542,54,TRUE
"gene-VNG_RS05780","VNG_RS05780","NC_002607.1","-",1103676,1102552,1103676,0,FALSE
"gene-VNG_RS05785","VNG_RS05785","NC_002607.1","-",1104244,1103741,1104244,0,FALSE
"gene-VNG_RS05790","VNG_RS05790","NC_002607.1","+",1104331,1104331,1105599,-1,FALSE
"gene-VNG_RS14220","VNG_RS14220","NC_002607.1","+",1105675,1105679,1105840,3,TRUE
"gene-VNG_RS05795","VNG_RS05795","NC_002607.1","+",1105928,1105936,1106394,7,TRUE
"gene-VNG_RS05805","VNG_RS05805","NC_002607.1","+",1107152,1107155,1107559,2,TRUE
"gene-VNG_RS05810","VNG_RS05810","NC_002607.1","-",1107833,1107729,1107813,20,TRUE
"gene-VNG_RS05820","purF","NC_002607.1","-",1110031,1108559,1110031,0,FALSE
"gene-VNG_RS05825","VNG_RS05825","NC_002607.1","-",1110592,1110410,1110592,0,FALSE
"gene-VNG_RS05835","VNG_RS05835","NC_002607.1","+",1111795,1111795,1112016,-1,FALSE
"gene-VNG_RS05840","VNG_RS05840","NC_002607.1","+",1112065,1112065,1113018,-1,FALSE
"gene-VNG_RS05855","VNG_RS05855","NC_002607.1","+",1116360,1116360,1117103,-1,FALSE
"gene-VNG_RS05865","VNG_RS05865","NC_002607.1","-",1119703,1118630,1119703,0,FALSE
"gene-VNG_RS05870","rqcH","NC_002607.1","-",1121874,1119763,1121874,0,FALSE
"gene-VNG_RS05875","VNG_RS05875","NC_002607.1","-",1123602,1121952,1123601,1,TRUE
"gene-VNG_RS05885","VNG_RS05885","NC_002607.1","-",1126012,1125749,1126012,0,FALSE
"gene-VNG_RS05900","VNG_RS05900","NC_002607.1","+",1127342,1127342,1127782,-1,FALSE
"gene-VNG_RS05905","VNG_RS05905","NC_002607.1","-",1128008,1127799,1128008,0,FALSE
"gene-VNG_RS05910","VNG_RS05910","NC_002607.1","-",1129023,1128085,1129023,0,FALSE
"gene-VNG_RS05915","VNG_RS05915","NC_002607.1","+",1129120,1129120,1129443,-1,FALSE
"gene-VNG_RS05925","VNG_RS05925","NC_002607.1","-",1132820,1131444,1132820,0,FALSE
"gene-VNG_RS05955","VNG_RS05955","NC_002607.1","+",1139419,1139423,1141255,3,TRUE
"gene-VNG_RS05960","VNG_RS05960","NC_002607.1","+",1141307,1141390,1143534,82,TRUE
"gene-VNG_RS14130","VNG_RS14130","NC_002607.1","-",1143724,1143583,1143720,4,TRUE
"gene-VNG_RS05965","VNG_RS05965","NC_002607.1","+",1143892,1143893,1144840,0,FALSE
"gene-VNG_RS05990","sucC","NC_002607.1","+",1148380,1148382,1149530,1,TRUE
"gene-VNG_RS06005","VNG_RS06005","NC_002607.1","-",1153899,1151507,1153885,14,TRUE
"gene-VNG_RS06010","VNG_RS06010","NC_002607.1","-",1154100,1154022,1154096,4,TRUE
"gene-VNG_RS06020","VNG_RS06020","NC_002607.1","-",1155096,1154857,1155096,0,FALSE
"gene-VNG_RS06095","cobN","NC_002607.1","+",1167702,1167702,1171601,-1,FALSE
"gene-VNG_RS06115","VNG_RS06115","NC_002607.1","+",1173965,1173965,1174966,-1,FALSE
"gene-VNG_RS13350","VNG_RS13350","NC_002607.1","-",1186192,1185749,1186093,99,TRUE
"gene-VNG_RS14225","VNG_RS14225","NC_002607.1","+",1189938,1189961,1190134,22,TRUE
"gene-VNG_RS14225","VNG_RS14225","NC_002607.1","+",1189961,1189961,1190134,-1,FALSE
"gene-VNG_RS06215","gcvPA","NC_002607.1","-",1195189,1193811,1195136,53,TRUE
"gene-VNG_RS06225","gcvT","NC_002607.1","-",1196881,1195790,1196881,0,FALSE
"gene-VNG_RS06235","VNG_RS06235","NC_002607.1","+",1197741,1197741,1198199,-1,FALSE
"gene-VNG_RS06245","VNG_RS06245","NC_002607.1","+",1199058,1199058,1199903,-1,FALSE
"gene-VNG_RS06250","VNG_RS06250","NC_002607.1","+",1199977,1199977,1200564,-1,FALSE
"gene-VNG_RS06255","VNG_RS06255","NC_002607.1","+",1200611,1200614,1202614,2,TRUE
"gene-VNG_RS06260","hmgB","NC_002607.1","+",1202684,1202684,1204021,-1,FALSE
"gene-VNG_RS06265","VNG_RS06265","NC_002607.1","-",1204610,1204023,1204607,3,TRUE
"gene-VNG_RS06270","VNG_RS06270","NC_002607.1","-",1205383,1204670,1205383,0,FALSE
"gene-VNG_RS06295","VNG_RS06295","NC_002607.1","-",1209373,1208540,1209373,0,FALSE
"gene-VNG_RS06300","VNG_RS06300","NC_002607.1","+",1209504,1209504,1211756,-1,FALSE
"gene-VNG_RS06305","VNG_RS06305","NC_002607.1","-",1212387,1211764,1212387,0,FALSE
"gene-VNG_RS06315","VNG_RS06315","NC_002607.1","-",1214401,1213427,1214401,0,FALSE
"gene-VNG_RS06350","VNG_RS06350","NC_002607.1","-",1218668,1218509,1218666,2,TRUE
"gene-VNG_RS06355","VNG_RS06355","NC_002607.1","+",1218759,1218759,1219889,-1,FALSE
"gene-VNG_RS06365","VNG_RS06365","NC_002607.1","+",1220348,1220349,1220975,0,FALSE
"gene-VNG_RS06370","VNG_RS06370","NC_002607.1","-",1224390,1221158,1224313,77,TRUE
"gene-VNG_RS06370","VNG_RS06370","NC_002607.1","-",1224476,1221158,1224313,163,TRUE
"gene-VNG_RS06375","VNG_RS06375","NC_002607.1","+",1224647,1224647,1224832,-1,FALSE
"gene-VNG_RS06400","VNG_RS06400","NC_002607.1","+",1228851,1228868,1228942,16,TRUE
"gene-VNG_RS06400","VNG_RS06400","NC_002607.1","+",1228862,1228868,1228942,5,TRUE
"gene-VNG_RS13355","VNG_RS13355","NC_002607.1","-",1233841,1232639,1233823,18,TRUE
"gene-VNG_RS06420","VNG_RS06420","NC_002607.1","-",1235829,1234828,1235829,0,FALSE
"gene-VNG_RS06425","VNG_RS06425","NC_002607.1","+",1235959,1235959,1236402,-1,FALSE
"gene-VNG_RS06430","VNG_RS06430","NC_002607.1","-",1236835,1236404,1236835,0,FALSE
"gene-VNG_RS06435","htr1","NC_002607.1","+",1237084,1237084,1238694,-1,FALSE
"gene-VNG_RS06445","VNG_RS06445","NC_002607.1","+",1239507,1239515,1240657,7,TRUE
"gene-VNG_RS06455","radB","NC_002607.1","-",1241619,1240909,1241619,0,FALSE
"gene-VNG_RS06460","VNG_RS06460","NC_002607.1","-",1242487,1241720,1242487,0,FALSE
"gene-VNG_RS06465","VNG_RS06465","NC_002607.1","+",1242590,1242669,1244897,78,TRUE
"gene-VNG_RS06465","VNG_RS06465","NC_002607.1","+",1242650,1242669,1244897,18,TRUE
"gene-VNG_RS06470","VNG_RS06470","NC_002607.1","-",1245355,1244981,1245355,0,FALSE
"gene-VNG_RS06500","VNG_RS06500","NC_002607.1","+",1248609,1248609,1250231,-1,FALSE
"gene-VNG_RS06530","crtI","NC_002607.1","-",1255460,1253922,1255460,0,FALSE
"gene-VNG_RS06535","mch","NC_002607.1","-",1256442,1255507,1256442,0,FALSE
"gene-VNG_RS06540","VNG_RS06540","NC_002607.1","-",1257766,1256502,1257755,11,TRUE
"gene-VNG_RS06545","VNG_RS06545","NC_002607.1","-",1257936,1257859,1257929,7,TRUE
"gene-VNG_RS06550","VNG_RS06550","NC_002607.1","+",1258143,1258177,1259028,33,TRUE
"gene-VNG_RS06685","VNG_RS06685","NC_002607.1","-",1275479,1273771,1275447,32,TRUE
"gene-VNG_RS06690","VNG_RS06690","NC_002607.1","-",1275960,1275550,1275960,0,FALSE
"gene-VNG_RS06695","VNG_RS06695","NC_002607.1","+",1276049,1276049,1276699,-1,FALSE
"gene-VNG_RS06700","VNG_RS06700","NC_002607.1","+",1276760,1276763,1277635,2,TRUE
"gene-VNG_RS06715","VNG_RS06715","NC_002607.1","+",1279227,1279229,1279299,1,TRUE
"gene-VNG_RS06760","VNG_RS06760","NC_002607.1","+",1287967,1287967,1288281,-1,FALSE
"gene-VNG_RS06775","VNG_RS06775","NC_002607.1","-",1290629,1289955,1290629,0,FALSE
"gene-VNG_RS06790","VNG_RS06790","NC_002607.1","-",1293393,1292962,1293393,0,FALSE
"gene-VNG_RS06805","VNG_RS06805","NC_002607.1","+",1296505,1296505,1296789,-1,FALSE
"gene-VNG_RS06825","VNG_RS06825","NC_002607.1","-",1302374,1301370,1302374,0,FALSE
"gene-VNG_RS06835","htr2","NC_002607.1","-",1307179,1304883,1307177,2,TRUE
"gene-VNG_RS06840","VNG_RS06840","NC_002607.1","-",1308028,1307267,1308028,0,FALSE
"gene-VNG_RS06850","VNG_RS06850","NC_002607.1","-",1309261,1308878,1309261,0,FALSE
"gene-VNG_RS06865","VNG_RS06865","NC_002607.1","-",1312283,1311933,1312283,0,FALSE
"gene-VNG_RS06900","uppS","NC_002607.1","+",1317051,1317052,1317960,0,FALSE
"gene-VNG_RS06905","VNG_RS06905","NC_002607.1","-",1318588,1317980,1318588,0,FALSE
"gene-VNG_RS06910","VNG_RS06910","NC_002607.1","+",1318675,1318677,1319999,1,TRUE
"gene-VNG_RS06915","dnaG","NC_002607.1","-",1321233,1320001,1321221,12,TRUE
"gene-VNG_RS06940","VNG_RS06940","NC_002607.1","+",1324350,1324350,1325255,-1,FALSE
"gene-VNG_RS06955","pdxS","NC_002607.1","+",1326538,1326538,1327446,-1,FALSE
"gene-VNG_RS06975","VNG_RS06975","NC_002607.1","+",1332167,1332167,1332484,-1,FALSE
"gene-VNG_RS06985","VNG_RS06985","NC_002607.1","-",1333429,1332857,1333429,0,FALSE
"gene-VNG_RS06990","VNG_RS06990","NC_002607.1","-",1333717,1333485,1333676,41,TRUE
"gene-VNG_RS07000","VNG_RS07000","NC_002607.1","-",1335158,1334327,1335148,10,TRUE
"gene-VNG_RS07000","VNG_RS07000","NC_002607.1","-",1335174,1334327,1335148,26,TRUE
"gene-VNG_RS07015","VNG_RS07015","NC_002607.1","+",1337078,1337141,1337560,62,TRUE
"gene-VNG_RS07015","VNG_RS07015","NC_002607.1","+",1337141,1337141,1337560,-1,FALSE
"gene-VNG_RS07025","VNG_RS07025","NC_002607.1","-",1339634,1338204,1339508,126,TRUE
"gene-VNG_RS07025","VNG_RS07025","NC_002607.1","-",1339640,1338204,1339508,132,TRUE
"gene-VNG_RS07030","carB","NC_002607.1","+",1339794,1339799,1342927,4,TRUE
"gene-VNG_RS07035","carA","NC_002607.1","-",1344060,1342998,1344059,1,TRUE
"gene-VNG_RS07040","VNG_RS07040","NC_002607.1","+",1344157,1344157,1344570,-1,FALSE
"gene-VNG_RS07050","VNG_RS07050","NC_002607.1","+",1345287,1345287,1345697,-1,FALSE
"gene-VNG_RS07060","VNG_RS07060","NC_002607.1","-",1347026,1345983,1347026,0,FALSE
"gene-VNG_RS07065","VNG_RS07065","NC_002607.1","+",1347117,1347117,1347734,-1,FALSE
"gene-VNG_RS07075","VNG_RS07075","NC_002607.1","+",1348491,1348491,1348718,-1,FALSE
"gene-VNG_RS07080","VNG_RS07080","NC_002607.1","-",1349077,1348757,1349077,0,FALSE
"gene-VNG_RS07090","VNG_RS07090","NC_002607.1","-",1351708,1350047,1351708,0,FALSE
"gene-VNG_RS07105","VNG_RS07105","NC_002607.1","+",1353536,1353536,1354081,-1,FALSE
"gene-VNG_RS07110","thrS","NC_002607.1","-",1356037,1354112,1356034,3,TRUE
"gene-VNG_RS07115","VNG_RS07115","NC_002607.1","+",1356100,1356243,1356452,142,TRUE
"gene-VNG_RS07115","VNG_RS07115","NC_002607.1","+",1356240,1356243,1356452,2,TRUE
"gene-VNG_RS07130","VNG_RS07130","NC_002607.1","+",1358682,1358744,1358941,61,TRUE
"gene-VNG_RS07130","VNG_RS07130","NC_002607.1","+",1358744,1358744,1358941,-1,FALSE
"gene-VNG_RS07135","VNG_RS07135","NC_002607.1","-",1359830,1358949,1359830,0,FALSE
"gene-VNG_RS07145","VNG_RS07145","NC_002607.1","+",1360324,1360326,1360982,1,TRUE
"gene-VNG_RS07150","gatD","NC_002607.1","+",1361018,1361018,1362301,-1,FALSE
"gene-VNG_RS07165","VNG_RS07165","NC_002607.1","-",1364237,1363962,1364237,0,FALSE
"gene-VNG_RS07170","VNG_RS07170","NC_002607.1","+",1364334,1364334,1365500,-1,FALSE
"gene-VNG_RS07175","VNG_RS07175","NC_002607.1","-",1366979,1365510,1366976,3,TRUE
"gene-VNG_RS07180","VNG_RS07180","NC_002607.1","-",1367812,1367036,1367812,0,FALSE
"gene-VNG_RS07185","VNG_RS07185","NC_002607.1","-",1368748,1367861,1368748,0,FALSE
"gene-VNG_RS07195","VNG_RS07195","NC_002607.1","-",1370594,1369650,1370594,0,FALSE
"gene-VNG_RS07205","basB","NC_002607.1","-",1374292,1373051,1374292,0,FALSE
"gene-VNG_RS07210","deoC","NC_002607.1","+",1374390,1374390,1375028,-1,FALSE
"gene-VNG_RS07215","VNG_RS07215","NC_002607.1","+",1375083,1375087,1376385,3,TRUE
"gene-VNG_RS07225","VNG_RS07225","NC_002607.1","-",1377941,1377344,1377889,52,TRUE
"gene-VNG_RS07230","VNG_RS07230","NC_002607.1","+",1377995,1378010,1378210,14,TRUE
"gene-VNG_RS07230","VNG_RS07230","NC_002607.1","+",1377997,1378010,1378210,12,TRUE
"gene-VNG_RS07235","map","NC_002607.1","-",1379138,1378248,1379138,0,FALSE
"gene-VNG_RS07270","VNG_RS07270","NC_002607.1","+",1385684,1385685,1386209,0,FALSE
"gene-VNG_RS07290","VNG_RS07290","NC_002607.1","+",1389042,1389042,1390562,-1,FALSE
"gene-VNG_RS07310","VNG_RS07310","NC_002607.1","-",1394925,1394134,1394925,0,FALSE
"gene-VNG_RS07320","gpmI","NC_002607.1","-",1396895,1395369,1396895,0,FALSE
"gene-VNG_RS07355","VNG_RS07355","NC_002607.1","+",1402807,1402807,1404606,-1,FALSE
"gene-VNG_RS07360","VNG_RS07360","NC_002607.1","+",1404655,1404655,1405080,-1,FALSE
"gene-VNG_RS07365","VNG_RS07365","NC_002607.1","-",1406360,1405118,1406317,43,TRUE
"gene-VNG_RS07370","VNG_RS07370","NC_002607.1","+",1406440,1406440,1407288,-1,FALSE
"gene-VNG_RS07375","mptA","NC_002607.1","+",1407336,1407337,1408272,0,FALSE
"gene-VNG_RS07380","VNG_RS07380","NC_002607.1","-",1409180,1408320,1409180,0,FALSE
"gene-VNG_RS07385","VNG_RS07385","NC_002607.1","-",1410086,1409286,1410086,0,FALSE
"gene-VNG_RS07390","VNG_RS07390","NC_002607.1","-",1411957,1410377,1411957,0,FALSE
"gene-VNG_RS07395","VNG_RS07395","NC_002607.1","+",1412058,1412058,1412615,-1,FALSE
"gene-VNG_RS07400","VNG_RS07400","NC_002607.1","+",1412686,1412690,1412763,3,TRUE
"gene-VNG_RS07400","VNG_RS07400","NC_002607.1","+",1412690,1412690,1412763,-1,FALSE
"gene-VNG_RS07410","VNG_RS07410","NC_002607.1","+",1413346,1413513,1413719,166,TRUE
"gene-VNG_RS07415","VNG_RS07415","NC_002607.1","+",1413745,1413751,1414017,5,TRUE
"gene-VNG_RS07420","VNG_RS07420","NC_002607.1","-",1415065,1414027,1415064,1,TRUE
"gene-VNG_RS07425","VNG_RS07425","NC_002607.1","+",1415175,1415175,1416233,-1,FALSE
"gene-VNG_RS07430","VNG_RS07430","NC_002607.1","+",1416298,1416301,1416843,2,TRUE
"gene-VNG_RS07435","VNG_RS07435","NC_002607.1","+",1416890,1416890,1417231,-1,FALSE
"gene-VNG_RS07445","VNG_RS07445","NC_002607.1","+",1417456,1417462,1417815,5,TRUE
"gene-VNG_RS07445","VNG_RS07445","NC_002607.1","+",1417462,1417462,1417815,-1,FALSE
"gene-VNG_RS07465","VNG_RS07465","NC_002607.1","+",1419465,1419466,1419942,0,FALSE
"gene-VNG_RS07475","VNG_RS07475","NC_002607.1","-",1420863,1420186,1420863,0,FALSE
"gene-VNG_RS07480","VNG_RS07480","NC_002607.1","+",1420953,1420953,1421192,-1,FALSE
"gene-VNG_RS07485","VNG_RS07485","NC_002607.1","-",1422257,1421211,1422257,0,FALSE
"gene-VNG_RS07490","VNG_RS07490","NC_002607.1","+",1422323,1422323,1422649,-1,FALSE
"gene-VNG_RS07495","tmk","NC_002607.1","-",1423259,1422660,1423259,0,FALSE
"gene-VNG_RS07500","VNG_RS07500","NC_002607.1","+",1423358,1423358,1424245,-1,FALSE
"gene-VNG_RS07505","VNG_RS07505","NC_002607.1","+",1424392,1424403,1425587,10,TRUE
"gene-VNG_RS07520","cofG","NC_002607.1","+",1427014,1427030,1428148,15,TRUE
"gene-VNG_RS07525","cofH","NC_002607.1","-",1429517,1428155,1429516,1,TRUE
"gene-VNG_RS07530","VNG_RS07530","NC_002607.1","+",1429664,1429664,1430680,-1,FALSE
"gene-VNG_RS07545","VNG_RS07545","NC_002607.1","-",1432575,1432237,1432575,0,FALSE
"gene-VNG_RS14235","VNG_RS14235","NC_002607.1","-",1432788,1432621,1432788,0,FALSE
"gene-VNG_RS07570","VNG_RS07570","NC_002607.1","-",1436240,1435809,1436240,0,FALSE
"gene-VNG_RS14365","VNG_RS14365","NC_002607.1","-",1443981,1443684,1443971,10,TRUE
"gene-VNG_RS07600","arcS","NC_002607.1","-",1445883,1444126,1445883,0,FALSE
"gene-VNG_RS14240","VNG_RS14240","NC_002607.1","-",1447639,1447469,1447639,0,FALSE
"gene-VNG_RS07610","VNG_RS07610","NC_002607.1","-",1448213,1447671,1448213,0,FALSE
"gene-VNG_RS07615","VNG_RS07615","NC_002607.1","-",1448806,1448260,1448799,7,TRUE
"gene-VNG_RS07630","glpK","NC_002607.1","-",1452742,1451162,1452694,48,TRUE
"gene-VNG_RS07635","glpA","NC_002607.1","+",1452915,1452915,1454627,-1,FALSE
"gene-VNG_RS07650","VNG_RS07650","NC_002607.1","-",1457833,1457335,1457814,19,TRUE
"gene-VNG_RS07665","VNG_RS07665","NC_002607.1","-",1461208,1461136,1461208,0,FALSE
"gene-VNG_RS07670","trmY","NC_002607.1","-",1461883,1461293,1461883,0,FALSE
"gene-VNG_RS07675","VNG_RS07675","NC_002607.1","-",1463325,1462101,1463324,1,TRUE
"gene-VNG_RS07690","VNG_RS07690","NC_002607.1","-",1467030,1465420,1467030,0,FALSE
"gene-VNG_RS07705","secF","NC_002607.1","-",1470301,1469447,1470301,0,FALSE
"gene-VNG_RS07710","VNG_RS07710","NC_002607.1","-",1470907,1470434,1470907,0,FALSE
"gene-VNG_RS07720","VNG_RS07720","NC_002607.1","+",1471603,1471603,1472883,-1,FALSE
"gene-VNG_RS07735","VNG_RS07735","NC_002607.1","-",1474643,1474404,1474643,0,FALSE
"gene-VNG_RS07740","infB","NC_002607.1","+",1474830,1474858,1476660,27,TRUE
"gene-VNG_RS07745","VNG_RS07745","NC_002607.1","-",1477102,1476737,1477102,0,FALSE
"gene-VNG_RS07755","VNG_RS07755","NC_002607.1","-",1478909,1477669,1478904,5,TRUE
"gene-VNG_RS07765","VNG_RS07765","NC_002607.1","+",1480897,1480897,1482222,-1,FALSE
"gene-VNG_RS07785","VNG_RS07785","NC_002607.1","-",1485324,1484968,1485321,3,TRUE
"gene-VNG_RS07790","VNG_RS07790","NC_002607.1","-",1485880,1485424,1485879,1,TRUE
"gene-VNG_RS07795","thiL","NC_002607.1","+",1486031,1486031,1486897,-1,FALSE
"gene-VNG_RS07805","VNG_RS07805","NC_002607.1","-",1488354,1488090,1488341,13,TRUE
"gene-VNG_RS07820","VNG_RS07820","NC_002607.1","+",1491179,1491180,1492982,0,FALSE
"gene-VNG_RS07830","VNG_RS07830","NC_002607.1","+",1493620,1493620,1495098,-1,FALSE
"gene-VNG_RS13990","VNG_RS13990","NC_002607.1","-",1495330,1495160,1495330,0,FALSE
"gene-VNG_RS07835","VNG_RS07835","NC_002607.1","-",1496426,1495368,1496426,0,FALSE
"gene-VNG_RS14460","VNG_RS14460","NC_002607.1","+",1497707,1497707,1497952,-1,FALSE
"gene-VNG_RS07860","VNG_RS07860","NC_002607.1","-",1499295,1499204,1499274,21,TRUE
"gene-VNG_RS07865","VNG_RS07865","NC_002607.1","+",1499404,1499405,1500211,0,FALSE
"gene-VNG_RS07870","VNG_RS07870","NC_002607.1","-",1500888,1500208,1500882,6,TRUE
"gene-VNG_RS07875","VNG_RS07875","NC_002607.1","+",1500941,1500942,1501607,0,FALSE
"gene-VNG_RS07880","VNG_RS07880","NC_002607.1","+",1501649,1501653,1501724,3,TRUE
"gene-VNG_RS07885","VNG_RS07885","NC_002607.1","+",1501863,1501863,1502099,-1,FALSE
"gene-VNG_RS07895","VNG_RS07895","NC_002607.1","-",1504335,1502692,1504212,123,TRUE
"gene-VNG_RS07915","VNG_RS07915","NC_002607.1","-",1506779,1506498,1506779,0,FALSE
"gene-VNG_RS07930","VNG_RS07930","NC_002607.1","-",1508886,1508571,1508879,7,TRUE
"gene-VNG_RS07955","VNG_RS07955","NC_002607.1","-",1511897,1510636,1511880,17,TRUE
"gene-VNG_RS07970","VNG_RS07970","NC_002607.1","-",1515124,1513807,1515123,1,TRUE
"gene-VNG_RS07985","VNG_RS07985","NC_002607.1","+",1518250,1518251,1519024,0,FALSE
"gene-VNG_RS07995","VNG_RS07995","NC_002607.1","-",1521386,1519498,1521363,23,TRUE
"gene-VNG_RS08000","VNG_RS08000","NC_002607.1","-",1523408,1521456,1523408,0,FALSE
"gene-VNG_RS08005","VNG_RS08005","NC_002607.1","-",1524328,1523420,1524328,0,FALSE
"gene-VNG_RS08015","VNG_RS08015","NC_002607.1","-",1526222,1525893,1526222,0,FALSE
"gene-VNG_RS08025","VNG_RS08025","NC_002607.1","+",1526849,1526849,1526992,-1,FALSE
"gene-VNG_RS08035","VNG_RS08035","NC_002607.1","-",1528024,1527488,1528024,0,FALSE
"gene-VNG_RS08045","VNG_RS08045","NC_002607.1","+",1528772,1528776,1528961,3,TRUE
"gene-VNG_RS08065","VNG_RS08065","NC_002607.1","-",1532013,1531141,1531983,30,TRUE
"gene-VNG_RS08070","VNG_RS08070","NC_002607.1","-",1533041,1532071,1533033,8,TRUE
"gene-VNG_RS08075","hisH","NC_002607.1","+",1533185,1533185,1533841,-1,FALSE
"gene-VNG_RS08085","VNG_RS08085","NC_002607.1","+",1534374,1534374,1535489,-1,FALSE
"gene-VNG_RS08100","glnA","NC_002607.1","-",1538125,1536751,1538115,10,TRUE
"gene-VNG_RS08105","lrp","NC_002607.1","+",1538241,1538241,1538705,-1,FALSE
"gene-VNG_RS08110","thsB","NC_002607.1","-",1540514,1538840,1540510,4,TRUE
"gene-VNG_RS08115","VNG_RS08115","NC_002607.1","+",1540736,1540767,1541972,30,TRUE
"gene-VNG_RS08120","VNG_RS08120","NC_002607.1","-",1542104,1542021,1542102,2,TRUE
"gene-VNG_RS08130","VNG_RS08130","NC_002607.1","-",1542730,1542347,1542730,0,FALSE
"gene-VNG_RS08135","ilvA","NC_002607.1","-",1544013,1542781,1544013,0,FALSE
"gene-VNG_RS08135","ilvA","NC_002607.1","-",1544087,1542781,1544013,74,TRUE
"gene-VNG_RS08145","citZ","NC_002607.1","-",1545911,1544781,1545911,0,FALSE
"gene-VNG_RS08150","VNG_RS08150","NC_002607.1","+",1546022,1546022,1547278,-1,FALSE
"gene-VNG_RS08155","VNG_RS08155","NC_002607.1","-",1547544,1547275,1547544,0,FALSE
"gene-VNG_RS08170","VNG_RS08170","NC_002607.1","-",1549941,1549720,1549941,0,FALSE
"gene-VNG_RS08175","VNG_RS08175","NC_002607.1","-",1551281,1550019,1551281,0,FALSE
"gene-VNG_RS08180","VNG_RS08180","NC_002607.1","+",1551415,1551415,1552377,-1,FALSE
"gene-VNG_RS08190","VNG_RS08190","NC_002607.1","-",1553809,1553564,1553809,0,FALSE
"gene-VNG_RS08195","VNG_RS08195","NC_002607.1","-",1555318,1553875,1555311,7,TRUE
"gene-VNG_RS08200","VNG_RS08200","NC_002607.1","-",1556149,1555430,1556149,0,FALSE
"gene-VNG_RS08210","VNG_RS08210","NC_002607.1","-",1557356,1556811,1557356,0,FALSE
"gene-VNG_RS08215","VNG_RS08215","NC_002607.1","+",1557442,1557442,1558281,-1,FALSE
"gene-VNG_RS08220","VNG_RS08220","NC_002607.1","+",1558351,1558353,1558970,1,TRUE
"gene-VNG_RS08225","VNG_RS08225","NC_002607.1","-",1559934,1559008,1559934,0,FALSE
"gene-VNG_RS08235","VNG_RS08235","NC_002607.1","-",1563291,1561543,1563291,0,FALSE
"gene-VNG_RS08250","twy1","NC_002607.1","-",1565766,1564788,1565765,1,TRUE
"gene-VNG_RS08255","VNG_RS08255","NC_002607.1","-",1567020,1566101,1567018,2,TRUE
"gene-VNG_RS08260","prf1","NC_002607.1","+",1567132,1567133,1568383,0,FALSE
"gene-VNG_RS08265","fer","NC_002607.1","-",1569063,1568401,1569063,0,FALSE
"gene-VNG_RS08285","crtY","NC_002607.1","-",1572147,1571291,1572004,143,TRUE
"gene-VNG_RS08325","ahaH","NC_002607.1","-",1580282,1579939,1580271,11,TRUE
"gene-VNG_RS08345","VNG_RS08345","NC_002607.1","+",1582844,1582844,1584007,-1,FALSE
"gene-VNG_RS08350","VNG_RS08350","NC_002607.1","+",1584076,1584077,1584877,0,FALSE
"gene-VNG_RS08365","VNG_RS08365","NC_002607.1","+",1586647,1586648,1587550,0,FALSE
"gene-VNG_RS08375","VNG_RS08375","NC_002607.1","+",1588757,1588762,1589757,4,TRUE
"gene-VNG_RS08385","VNG_RS08385","NC_002607.1","+",1591653,1591653,1592105,-1,FALSE
"gene-VNG_RS08390","VNG_RS08390","NC_002607.1","+",1592154,1592154,1592939,-1,FALSE
"gene-VNG_RS08400","VNG_RS08400","NC_002607.1","+",1594082,1594121,1595053,38,TRUE
"gene-VNG_RS08400","VNG_RS08400","NC_002607.1","+",1594086,1594121,1595053,34,TRUE
"gene-VNG_RS08400","VNG_RS08400","NC_002607.1","+",1594108,1594121,1595053,12,TRUE
"gene-VNG_RS08400","VNG_RS08400","NC_002607.1","+",1594110,1594121,1595053,10,TRUE
"gene-VNG_RS08410","VNG_RS08410","NC_002607.1","+",1595670,1595672,1596076,1,TRUE
"gene-VNG_RS08420","VNG_RS08420","NC_002607.1","+",1596632,1596638,1596710,5,TRUE
"gene-VNG_RS08430","VNG_RS08430","NC_002607.1","-",1598701,1597649,1598701,0,FALSE
"gene-VNG_RS08450","VNG_RS08450","NC_002607.1","+",1603604,1603604,1603987,-1,FALSE
"gene-VNG_RS08460","VNG_RS08460","NC_002607.1","+",1605214,1605214,1607268,-1,FALSE
"gene-VNG_RS08465","VNG_RS08465","NC_002607.1","+",1607317,1607319,1607391,1,TRUE
"gene-VNG_RS08470","VNG_RS08470","NC_002607.1","+",1608163,1608193,1609467,29,TRUE
"gene-VNG_RS13380","VNG_RS13380","NC_002607.1","-",1609982,1609442,1609963,19,TRUE
"gene-VNG_RS13390","VNG_RS13390","NC_002607.1","-",1611555,1611108,1611503,52,TRUE
"gene-VNG_RS08485","VNG_RS08485","NC_002607.1","+",1611609,1611613,1611984,3,TRUE
"gene-VNG_RS08525","VNG_RS08525","NC_002607.1","-",1620403,1619975,1620403,0,FALSE
"gene-VNG_RS08530","VNG_RS08530","NC_002607.1","-",1620665,1620447,1620665,0,FALSE
"gene-VNG_RS14385","VNG_RS14385","NC_002607.1","-",1628064,1627091,1627957,107,TRUE
"gene-VNG_RS14385","VNG_RS14385","NC_002607.1","-",1628066,1627091,1627957,109,TRUE
"gene-VNG_RS08565","VNG_RS08565","NC_002607.1","+",1628164,1628164,1628355,-1,FALSE
"gene-VNG_RS08595","VNG_RS08595","NC_002607.1","+",1634861,1634861,1635313,-1,FALSE
"gene-VNG_RS08615","endA","NC_002607.1","-",1640428,1639397,1640428,0,FALSE
"gene-VNG_RS08625","VNG_RS08625","NC_002607.1","-",1643558,1641218,1643557,1,TRUE
"gene-VNG_RS08635","lipA","NC_002607.1","+",1645123,1645123,1646058,-1,FALSE
"gene-VNG_RS08640","pdhA","NC_002607.1","+",1646264,1646284,1647399,19,TRUE
"gene-VNG_RS08660","pheA","NC_002607.1","+",1651293,1651293,1652105,-1,FALSE
"gene-VNG_RS08670","VNG_RS08670","NC_002607.1","-",1655883,1654897,1655883,0,FALSE
"gene-VNG_RS08685","VNG_RS08685","NC_002607.1","-",1659371,1658526,1659356,15,TRUE
"gene-VNG_RS08695","VNG_RS08695","NC_002607.1","-",1662128,1660818,1661960,168,TRUE
"gene-VNG_RS08705","eif1A","NC_002607.1","-",1663416,1663129,1663416,0,FALSE
"gene-VNG_RS08715","VNG_RS08715","NC_002607.1","-",1664819,1663836,1664819,0,FALSE
"gene-VNG_RS08720","VNG_RS08720","NC_002607.1","-",1666853,1664886,1666853,0,FALSE
"gene-VNG_RS08725","rnz","NC_002607.1","-",1667825,1666899,1667825,0,FALSE
"gene-VNG_RS08730","VNG_RS08730","NC_002607.1","+",1667936,1667940,1668944,3,TRUE
"gene-VNG_RS08735","VNG_RS08735","NC_002607.1","+",1668976,1668976,1669326,-1,FALSE
"gene-VNG_RS08745","VNG_RS08745","NC_002607.1","+",1670405,1670410,1670970,4,TRUE
"gene-VNG_RS08755","VNG_RS08755","NC_002607.1","+",1671404,1671404,1671772,-1,FALSE
"gene-VNG_RS08760","hisG","NC_002607.1","-",1672623,1671775,1672623,0,FALSE
"gene-VNG_RS08765","VNG_RS08765","NC_002607.1","+",1672712,1672712,1673287,-1,FALSE
"gene-VNG_RS08775","VNG_RS08775","NC_002607.1","+",1674660,1674660,1675943,-1,FALSE
"gene-VNG_RS08780","hjc","NC_002607.1","+",1676005,1676048,1676473,42,TRUE
"gene-VNG_RS08785","VNG_RS08785","NC_002607.1","+",1676537,1676537,1676740,-1,FALSE
"gene-VNG_RS08790","priL","NC_002607.1","-",1677822,1676737,1677819,3,TRUE
"gene-VNG_RS08800","VNG_RS08800","NC_002607.1","-",1679312,1678565,1679308,4,TRUE
"gene-VNG_RS08810","ppcA","NC_002607.1","+",1680625,1680625,1682103,-1,FALSE
"gene-VNG_RS08840","VNG_RS08840","NC_002607.1","-",1685743,1685552,1685743,0,FALSE
"gene-VNG_RS08850","VNG_RS08850","NC_002607.1","+",1688069,1688071,1689105,1,TRUE
"gene-VNG_RS08855","VNG_RS08855","NC_002607.1","+",1689151,1689152,1691161,0,FALSE
"gene-VNG_RS08860","VNG_RS08860","NC_002607.1","+",1691264,1691265,1692389,0,FALSE
"gene-VNG_RS08865","rpiA","NC_002607.1","+",1692434,1692434,1693111,-1,FALSE
"gene-VNG_RS08870","VNG_RS08870","NC_002607.1","-",1693342,1693173,1693340,2,TRUE
"gene-VNG_RS08875","VNG_RS08875","NC_002607.1","+",1693569,1693780,1694013,210,TRUE
"gene-VNG_RS08875","VNG_RS08875","NC_002607.1","+",1693579,1693780,1694013,200,TRUE
"gene-VNG_RS08875","VNG_RS08875","NC_002607.1","+",1693586,1693780,1694013,193,TRUE
"gene-VNG_RS08875","VNG_RS08875","NC_002607.1","+",1693587,1693780,1694013,192,TRUE
"gene-VNG_RS08875","VNG_RS08875","NC_002607.1","+",1693595,1693780,1694013,184,TRUE
"gene-VNG_RS08875","VNG_RS08875","NC_002607.1","+",1693605,1693780,1694013,174,TRUE
"gene-VNG_RS08875","VNG_RS08875","NC_002607.1","+",1693614,1693780,1694013,165,TRUE
"gene-VNG_RS08875","VNG_RS08875","NC_002607.1","+",1693619,1693780,1694013,160,TRUE
"gene-VNG_RS08875","VNG_RS08875","NC_002607.1","+",1693625,1693780,1694013,154,TRUE
"gene-VNG_RS08875","VNG_RS08875","NC_002607.1","+",1693644,1693780,1694013,135,TRUE
"gene-VNG_RS08875","VNG_RS08875","NC_002607.1","+",1693666,1693780,1694013,113,TRUE
"gene-VNG_RS08875","VNG_RS08875","NC_002607.1","+",1693715,1693780,1694013,64,TRUE
"gene-VNG_RS08875","VNG_RS08875","NC_002607.1","+",1693716,1693780,1694013,63,TRUE
"gene-VNG_RS08875","VNG_RS08875","NC_002607.1","+",1693744,1693780,1694013,35,TRUE
"gene-VNG_RS08875","VNG_RS08875","NC_002607.1","+",1693750,1693780,1694013,29,TRUE
"gene-VNG_RS08875","VNG_RS08875","NC_002607.1","+",1693758,1693780,1694013,21,TRUE
"gene-VNG_RS08880","VNG_RS08880","NC_002607.1","+",1694075,1694075,1695448,-1,FALSE
"gene-VNG_RS08890","VNG_RS08890","NC_002607.1","-",1696084,1695860,1696084,0,FALSE
"gene-VNG_RS08895","VNG_RS08895","NC_002607.1","+",1696383,1696383,1697351,-1,FALSE
"gene-VNG_RS08900","VNG_RS08900","NC_002607.1","-",1698343,1697360,1698343,0,FALSE
"gene-VNG_RS08905","VNG_RS08905","NC_002607.1","+",1698432,1698432,1699142,-1,FALSE
"gene-VNG_RS08910","alaS","NC_002607.1","+",1699203,1699204,1701993,0,FALSE
"gene-VNG_RS08920","VNG_RS08920","NC_002607.1","-",1703389,1702444,1703388,1,TRUE
"gene-VNG_RS08925","mamA","NC_002607.1","+",1703504,1703613,1704062,108,TRUE
"gene-VNG_RS08950","VNG_RS08950","NC_002607.1","-",1710237,1708941,1710236,1,TRUE
"gene-VNG_RS08955","fer2","NC_002607.1","-",1710834,1710444,1710833,1,TRUE
"gene-VNG_RS08980","VNG_RS08980","NC_002607.1","-",1713860,1713499,1713858,2,TRUE
"gene-VNG_RS08990","VNG_RS08990","NC_002607.1","+",1714614,1714614,1714823,-1,FALSE
"gene-VNG_RS09000","VNG_RS09000","NC_002607.1","+",1715785,1715785,1717809,-1,FALSE
"gene-VNG_RS09010","upp","NC_002607.1","-",1718790,1718107,1718790,0,FALSE
"gene-VNG_RS09020","VNG_RS09020","NC_002607.1","+",1719625,1719630,1720811,4,TRUE
"gene-VNG_RS09030","VNG_RS09030","NC_002607.1","+",1722306,1722306,1722596,-1,FALSE
"gene-VNG_RS09040","VNG_RS09040","NC_002607.1","+",1723198,1723198,1723794,-1,FALSE
"gene-VNG_RS09055","VNG_RS09055","NC_002607.1","-",1725776,1725128,1725775,1,TRUE
"gene-VNG_RS09060","VNG_RS09060","NC_002607.1","-",1726450,1725842,1726444,6,TRUE
"gene-VNG_RS09080","VNG_RS09080","NC_002607.1","+",1728627,1728627,1730762,-1,FALSE
"gene-VNG_RS09085","VNG_RS09085","NC_002607.1","-",1731404,1730838,1731404,0,FALSE
"gene-VNG_RS09095","hemB","NC_002607.1","+",1731824,1731824,1732804,-1,FALSE
"gene-VNG_RS09105","VNG_RS09105","NC_002607.1","+",1733552,1733574,1734221,21,TRUE
"gene-VNG_RS09110","VNG_RS09110","NC_002607.1","+",1734261,1734261,1735598,-1,FALSE
"gene-VNG_RS09140","VNG_RS09140","NC_002607.1","+",1739429,1739430,1740857,0,FALSE
"gene-VNG_RS09145","VNG_RS09145","NC_002607.1","-",1744771,1740866,1744771,0,FALSE
"gene-VNG_RS09155","VNG_RS09155","NC_002607.1","+",1745788,1745788,1746138,-1,FALSE
"gene-VNG_RS09165","VNG_RS09165","NC_002607.1","-",1750697,1750278,1750697,0,FALSE
"gene-VNG_RS14245","VNG_RS14245","NC_002607.1","-",1750923,1750756,1750920,3,TRUE
"gene-VNG_RS14245","VNG_RS14245","NC_002607.1","-",1750925,1750756,1750920,5,TRUE
"gene-VNG_RS09170","VNG_RS09170","NC_002607.1","+",1751063,1751063,1751614,-1,FALSE
"gene-VNG_RS09175","VNG_RS09175","NC_002607.1","-",1751817,1751629,1751817,0,FALSE
"gene-VNG_RS09200","VNG_RS09200","NC_002607.1","-",1757464,1756297,1757388,76,TRUE
"gene-VNG_RS09205","VNG_RS09205","NC_002607.1","-",1759391,1757520,1759391,0,FALSE
"gene-VNG_RS09210","VNG_RS09210","NC_002607.1","+",1759700,1759702,1760559,1,TRUE
"gene-VNG_RS09230","VNG_RS09230","NC_002607.1","+",1765447,1765447,1767408,-1,FALSE
"gene-VNG_RS09255","VNG_RS09255","NC_002607.1","-",1772466,1771918,1772466,0,FALSE
"gene-VNG_RS09265","VNG_RS09265","NC_002607.1","-",1773830,1773582,1773830,0,FALSE
"gene-VNG_RS09270","VNG_RS09270","NC_002607.1","+",1773914,1773915,1776266,0,FALSE
"gene-VNG_RS09280","VNG_RS09280","NC_002607.1","-",1776961,1776879,1776951,10,TRUE
"gene-VNG_RS09285","purO","NC_002607.1","+",1777089,1777089,1777673,-1,FALSE
"gene-VNG_RS09290","VNG_RS09290","NC_002607.1","+",1777719,1777719,1778402,-1,FALSE
"gene-VNG_RS09295","VNG_RS09295","NC_002607.1","-",1779754,1778408,1779754,0,FALSE
"gene-VNG_RS09300","VNG_RS09300","NC_002607.1","-",1781060,1779843,1781027,33,TRUE
"gene-VNG_RS09305","VNG_RS09305","NC_002607.1","+",1781166,1781166,1781561,-1,FALSE
"gene-VNG_RS09325","VNG_RS09325","NC_002607.1","-",1784314,1783654,1784313,1,TRUE
"gene-VNG_RS09340","VNG_RS09340","NC_002607.1","-",1789680,1787185,1789599,81,TRUE
"gene-VNG_RS09355","uvrB","NC_002607.1","-",1793754,1791684,1793753,1,TRUE
"gene-VNG_RS09360","VNG_RS09360","NC_002607.1","-",1794433,1793801,1794433,0,FALSE
"gene-VNG_RS09370","VNG_RS09370","NC_002607.1","+",1795503,1795504,1796277,0,FALSE
"gene-VNG_RS09375","VNG_RS09375","NC_002607.1","+",1796339,1796340,1797398,0,FALSE
"gene-VNG_RS09390","VNG_RS09390","NC_002607.1","-",1800924,1800247,1800924,0,FALSE
"gene-VNG_RS09400","VNG_RS09400","NC_002607.1","+",1801510,1801510,1802088,-1,FALSE
"gene-VNG_RS09405","VNG_RS09405","NC_002607.1","-",1802964,1802096,1802881,83,TRUE
"gene-VNG_RS09425","VNG_RS09425","NC_002607.1","-",1806423,1805775,1806419,4,TRUE
"gene-VNG_RS09430","orc7","NC_002607.1","+",1807111,1807230,1808786,118,TRUE
"gene-VNG_RS09445","VNG_RS09445","NC_002607.1","+",1809757,1809763,1810137,5,TRUE
"gene-VNG_RS09455","VNG_RS09455","NC_002607.1","-",1811131,1810411,1811130,1,TRUE
"gene-VNG_RS09465","VNG_RS09465","NC_002607.1","+",1812830,1812830,1814005,-1,FALSE
"gene-VNG_RS09480","VNG_RS09480","NC_002607.1","+",1816543,1816543,1817838,-1,FALSE
"gene-VNG_RS09490","serB","NC_002607.1","-",1821590,1820955,1821590,0,FALSE
"gene-VNG_RS09495","serA","NC_002607.1","+",1821747,1821747,1823330,-1,FALSE
"gene-VNG_RS09510","thrC","NC_002607.1","-",1826329,1825082,1826329,0,FALSE
"gene-VNG_RS09515","VNG_RS09515","NC_002607.1","-",1826674,1826400,1826666,8,TRUE
"gene-VNG_RS09520","VNG_RS09520","NC_002607.1","-",1827050,1826736,1827050,0,FALSE
"gene-VNG_RS09535","VNG_RS09535","NC_002607.1","-",1830446,1829078,1830268,178,TRUE
"gene-VNG_RS09540","VNG_RS09540","NC_002607.1","+",1830542,1830542,1830736,-1,FALSE
"gene-VNG_RS09550","VNG_RS09550","NC_002607.1","-",1833548,1831314,1833512,36,TRUE
"gene-VNG_RS14255","VNG_RS14255","NC_002607.1","+",1833647,1833667,1833810,19,TRUE
"gene-VNG_RS14255","VNG_RS14255","NC_002607.1","+",1833667,1833667,1833810,-1,FALSE
"gene-VNG_RS09555","dpsA","NC_002607.1","-",1834394,1833843,1834391,3,TRUE
"gene-VNG_RS09560","VNG_RS09560","NC_002607.1","+",1834594,1834595,1835107,0,FALSE
"gene-VNG_RS09565","VNG_RS09565","NC_002607.1","-",1835791,1835158,1835790,1,TRUE
"gene-VNG_RS14565","VNG_RS14565","NC_002607.1","+",1835896,1835896,1836027,-1,FALSE
"gene-VNG_RS09570","VNG_RS09570","NC_002607.1","-",1837040,1836024,1837040,0,FALSE
"gene-VNG_RS09575","VNG_RS09575","NC_002607.1","+",1837127,1837127,1838236,-1,FALSE
"gene-VNG_RS14000","VNG_RS14000","NC_002607.1","+",1838364,1838364,1838513,-1,FALSE
"gene-VNG_RS09580","VNG_RS09580","NC_002607.1","-",1838644,1838568,1838642,2,TRUE
"gene-VNG_RS09595","VNG_RS09595","NC_002607.1","-",1840703,1839744,1840703,0,FALSE
"gene-VNG_RS09605","VNG_RS09605","NC_002607.1","-",1841904,1841332,1841904,0,FALSE
"gene-VNG_RS09610","VNG_RS09610","NC_002607.1","-",1843340,1841954,1843336,4,TRUE
"gene-VNG_RS09615","VNG_RS09615","NC_002607.1","+",1843458,1843458,1843886,-1,FALSE
"gene-VNG_RS09640","VNG_RS09640","NC_002607.1","-",1846720,1846565,1846717,3,TRUE
"gene-VNG_RS09645","VNG_RS09645","NC_002607.1","+",1846853,1846853,1847644,-1,FALSE
"gene-VNG_RS09660","VNG_RS09660","NC_002607.1","+",1849318,1849321,1849749,2,TRUE
"gene-VNG_RS09670","VNG_RS09670","NC_002607.1","+",1850921,1850921,1852024,-1,FALSE
"gene-VNG_RS09680","VNG_RS09680","NC_002607.1","-",1853290,1853054,1853290,0,FALSE
"gene-VNG_RS09690","VNG_RS09690","NC_002607.1","-",1855471,1855271,1855471,0,FALSE
"gene-VNG_RS09715","VNG_RS09715","NC_002607.1","-",1861651,1860511,1861650,1,TRUE
"gene-VNG_RS09730","VNG_RS09730","NC_002607.1","-",1863974,1863693,1863974,0,FALSE
"gene-VNG_RS09735","VNG_RS09735","NC_002607.1","+",1864085,1864085,1864888,-1,FALSE
"gene-VNG_RS09740","VNG_RS09740","NC_002607.1","-",1865437,1865117,1865437,0,FALSE
"gene-VNG_RS09745","VNG_RS09745","NC_002607.1","+",1865529,1865529,1865996,-1,FALSE
"gene-VNG_RS09755","VNG_RS09755","NC_002607.1","-",1867553,1866390,1867553,0,FALSE
"gene-VNG_RS09760","VNG_RS09760","NC_002607.1","-",1868285,1867590,1868285,0,FALSE
"gene-VNG_RS09770","VNG_RS09770","NC_002607.1","+",1869601,1869757,1871265,155,TRUE
"gene-VNG_RS09770","VNG_RS09770","NC_002607.1","+",1869757,1869757,1871265,-1,FALSE
"gene-VNG_RS09785","VNG_RS09785","NC_002607.1","+",1874193,1874236,1874547,42,TRUE
"gene-VNG_RS09790","VNG_RS09790","NC_002607.1","+",1875261,1875505,1876977,243,TRUE
"gene-VNG_RS09790","VNG_RS09790","NC_002607.1","+",1875326,1875505,1876977,178,TRUE
"gene-VNG_RS09790","VNG_RS09790","NC_002607.1","+",1875327,1875505,1876977,177,TRUE
"gene-VNG_RS09790","VNG_RS09790","NC_002607.1","+",1875329,1875505,1876977,175,TRUE
"gene-VNG_RS09790","VNG_RS09790","NC_002607.1","+",1875378,1875505,1876977,126,TRUE
"gene-VNG_RS09790","VNG_RS09790","NC_002607.1","+",1875383,1875505,1876977,121,TRUE
"gene-VNG_RS09790","VNG_RS09790","NC_002607.1","+",1875505,1875505,1876977,-1,FALSE
"gene-VNG_RS09795","VNG_RS09795","NC_002607.1","+",1877008,1877083,1877154,74,TRUE
"gene-VNG_RS09795","VNG_RS09795","NC_002607.1","+",1877048,1877083,1877154,34,TRUE
"gene-VNG_RS09800","VNG_RS09800","NC_002607.1","+",1877268,1877501,1880414,232,TRUE
"gene-VNG_RS09800","VNG_RS09800","NC_002607.1","+",1877299,1877501,1880414,201,TRUE
"gene-VNG_RS09800","VNG_RS09800","NC_002607.1","+",1877300,1877501,1880414,200,TRUE
"gene-VNG_RS09800","VNG_RS09800","NC_002607.1","+",1877305,1877501,1880414,195,TRUE
"gene-VNG_RS09805","rrf","NC_002607.1","+",1880522,1880523,1880644,0,FALSE
"gene-VNG_RS09810","VNG_RS09810","NC_002607.1","+",1880753,1880755,1880830,1,TRUE
"gene-VNG_RS09815","VNG_RS09815","NC_002607.1","+",1880990,1880990,1881790,-1,FALSE
"gene-VNG_RS09820","VNG_RS09820","NC_002607.1","+",1881839,1881839,1882036,-1,FALSE
"gene-VNG_RS09825","VNG_RS09825","NC_002607.1","-",1882138,1882063,1882136,2,TRUE
"gene-VNG_RS14570","VNG_RS14570","NC_002607.1","-",1882320,1882189,1882320,0,FALSE
"gene-VNG_RS09835","VNG_RS09835","NC_002607.1","+",1883734,1883735,1885204,0,FALSE
"gene-VNG_RS09840","VNG_RS09840","NC_002607.1","+",1885376,1885376,1885771,-1,FALSE
"gene-VNG_RS09855","VNG_RS09855","NC_002607.1","-",1888003,1887200,1888003,0,FALSE
"gene-VNG_RS09860","VNG_RS09860","NC_002607.1","-",1889127,1888045,1889127,0,FALSE
"gene-VNG_RS09865","VNG_RS09865","NC_002607.1","-",1889636,1889187,1889636,0,FALSE
"gene-VNG_RS09870","VNG_RS09870","NC_002607.1","+",1889712,1889712,1890155,-1,FALSE
"gene-VNG_RS09885","VNG_RS09885","NC_002607.1","+",1891188,1891191,1891811,2,TRUE
"gene-VNG_RS09900","VNG_RS09900","NC_002607.1","+",1895339,1895339,1897006,-1,FALSE
"gene-VNG_RS09920","VNG_RS09920","NC_002607.1","-",1900695,1899427,1900695,0,FALSE
"gene-VNG_RS09930","VNG_RS09930","NC_002607.1","+",1901458,1901458,1902318,-1,FALSE
"gene-VNG_RS09935","VNG_RS09935","NC_002607.1","+",1902361,1902361,1902801,-1,FALSE
"gene-VNG_RS09940","VNG_RS09940","NC_002607.1","-",1903378,1902806,1903378,0,FALSE
"gene-VNG_RS09950","VNG_RS09950","NC_002607.1","+",1905133,1905159,1906304,25,TRUE
"gene-VNG_RS09955","VNG_RS09955","NC_002607.1","-",1906926,1906294,1906926,0,FALSE
"gene-VNG_RS00005","rnpB","NC_002607.1","+",1907177,1907178,1907547,0,FALSE
"gene-VNG_RS09960","VNG_RS09960","NC_002607.1","-",1908784,1907681,1908784,0,FALSE
"gene-VNG_RS09965","VNG_RS09965","NC_002607.1","-",1911586,1908841,1911486,100,TRUE
"gene-VNG_RS09985","VNG_RS09985","NC_002607.1","+",1915106,1915106,1916023,-1,FALSE
"gene-VNG_RS09990","VNG_RS09990","NC_002607.1","-",1916601,1916020,1916601,0,FALSE
"gene-VNG_RS09995","VNG_RS09995","NC_002607.1","+",1916695,1916695,1917273,-1,FALSE
"gene-VNG_RS10000","VNG_RS10000","NC_002607.1","+",1917360,1917362,1917434,1,TRUE
"gene-VNG_RS10005","VNG_RS10005","NC_002607.1","-",1917909,1917494,1917904,5,TRUE
"gene-VNG_RS10020","VNG_RS10020","NC_002607.1","-",1921212,1920058,1921212,0,FALSE
"gene-VNG_RS10025","VNG_RS10025","NC_002607.1","-",1922172,1921302,1922165,7,TRUE
"gene-VNG_RS10040","VNG_RS10040","NC_002607.1","+",1926729,1926731,1926802,1,TRUE
"gene-VNG_RS10055","VNG_RS10055","NC_002607.1","-",1928555,1928058,1928555,0,FALSE
"gene-VNG_RS10065","VNG_RS10065","NC_002607.1","+",1930436,1930439,1932424,2,TRUE
"gene-VNG_RS10070","rimI","NC_002607.1","+",1932509,1932509,1933003,-1,FALSE
"gene-VNG_RS10100","VNG_RS10100","NC_002607.1","+",1935260,1935261,1935623,0,FALSE
"gene-VNG_RS10105","yciH","NC_002607.1","-",1935984,1935688,1935981,3,TRUE
"gene-VNG_RS10110","VNG_RS10110","NC_002607.1","+",1936134,1936134,1936334,-1,FALSE
"gene-VNG_RS10115","VNG_RS10115","NC_002607.1","-",1937105,1936344,1937105,0,FALSE
"gene-VNG_RS10120","engB","NC_002607.1","-",1937918,1937298,1937918,0,FALSE
"gene-VNG_RS10135","VNG_RS10135","NC_002607.1","+",1940155,1940155,1940475,-1,FALSE
"gene-VNG_RS10140","VNG_RS10140","NC_002607.1","-",1941505,1940522,1941505,0,FALSE
"gene-VNG_RS10145","VNG_RS10145","NC_002607.1","+",1941587,1941587,1941940,-1,FALSE
"gene-VNG_RS10160","pdxT","NC_002607.1","-",1943348,1942737,1943348,0,FALSE
"gene-VNG_RS10165","VNG_RS10165","NC_002607.1","-",1943547,1943386,1943547,0,FALSE
"gene-VNG_RS10170","trxA","NC_002607.1","+",1943654,1943660,1943929,5,TRUE
"gene-VNG_RS10170","trxA","NC_002607.1","+",1943656,1943660,1943929,3,TRUE
"gene-VNG_RS10175","VNG_RS10175","NC_002607.1","+",1944035,1944035,1945891,-1,FALSE
"gene-VNG_RS10180","VNG_RS10180","NC_002607.1","-",1946232,1945888,1946232,0,FALSE
"gene-VNG_RS10185","VNG_RS10185","NC_002607.1","+",1946319,1946319,1947251,-1,FALSE
"gene-VNG_RS10195","npdG","NC_002607.1","-",1949227,1948559,1949227,0,FALSE
"gene-VNG_RS10210","VNG_RS10210","NC_002607.1","+",1950650,1950650,1951171,-1,FALSE
"gene-VNG_RS10215","hflX","NC_002607.1","-",1952597,1951188,1952477,120,TRUE
"gene-VNG_RS10225","VNG_RS10225","NC_002607.1","-",1954824,1954525,1954824,0,FALSE
"gene-VNG_RS10240","VNG_RS10240","NC_002607.1","+",1957549,1957549,1959057,-1,FALSE
"gene-VNG_RS10245","VNG_RS10245","NC_002607.1","+",1959213,1959213,1960256,-1,FALSE
"gene-VNG_RS14265","VNG_RS14265","NC_002607.1","+",1960360,1960362,1960535,1,TRUE
"gene-VNG_RS10250","VNG_RS10250","NC_002607.1","+",1960627,1960727,1962556,99,TRUE
"gene-VNG_RS10250","VNG_RS10250","NC_002607.1","+",1960726,1960727,1962556,0,FALSE
"gene-VNG_RS10275","VNG_RS10275","NC_002607.1","+",1965732,1965903,1967318,170,TRUE
"gene-VNG_RS10275","VNG_RS10275","NC_002607.1","+",1965801,1965903,1967318,101,TRUE
"gene-VNG_RS10280","VNG_RS10280","NC_002607.1","-",1967698,1967327,1967698,0,FALSE
"gene-VNG_RS10315","VNG_RS10315","NC_002607.1","+",1974232,1974232,1975149,-1,FALSE
"gene-VNG_RS10320","VNG_RS10320","NC_002607.1","+",1975215,1975216,1976295,0,FALSE
"gene-VNG_RS10325","VNG_RS10325","NC_002607.1","-",1977676,1976303,1977676,0,FALSE
"gene-VNG_RS10335","VNG_RS10335","NC_002607.1","-",1979123,1978824,1979123,0,FALSE
"gene-VNG_RS10345","VNG_RS10345","NC_002607.1","+",1980191,1980191,1980583,-1,FALSE
"gene-VNG_RS10360","VNG_RS10360","NC_002607.1","-",1982431,1981952,1982431,0,FALSE
"gene-VNG_RS10365","VNG_RS10365","NC_002607.1","+",1982513,1982514,1982789,0,FALSE
"gene-VNG_RS10375","VNG_RS10375","NC_002607.1","-",1984314,1984241,1984312,2,TRUE
"gene-VNG_RS10375","VNG_RS10375","NC_002607.1","-",1984336,1984241,1984312,24,TRUE
"gene-VNG_RS10385","tuf","NC_002607.1","-",1986007,1984713,1985978,29,TRUE
"gene-VNG_RS10395","VNG_RS10395","NC_002607.1","-",1987720,1987083,1987607,113,TRUE
"gene-VNG_RS10410","VNG_RS10410","NC_002607.1","-",1991880,1989693,1991879,1,TRUE
"gene-VNG_RS10425","VNG_RS10425","NC_002607.1","-",1993975,1993547,1993975,0,FALSE
"gene-VNG_RS14370","VNG_RS14370","NC_002607.1","-",2002329,2002059,2002286,43,TRUE
"gene-VNG_RS10460","VNG_RS10460","NC_002607.1","+",2002459,2002466,2002538,6,TRUE
"gene-VNG_RS10465","artA","NC_002607.1","-",2003553,2002626,2003546,7,TRUE
"gene-VNG_RS10470","VNG_RS10470","NC_002607.1","+",2003783,2003783,2004253,-1,FALSE
"gene-VNG_RS10490","VNG_RS10490","NC_002607.1","-",2007543,2006920,2007543,0,FALSE
"gene-VNG_RS10495","VNG_RS10495","NC_002607.1","+",2007721,2007840,2009699,118,TRUE
"gene-VNG_RS10500","VNG_RS10500","NC_002607.1","-",2011386,2009709,2011385,1,TRUE
"gene-VNG_RS10505","csg","NC_002607.1","+",2011570,2011681,2014239,110,TRUE
"gene-VNG_RS10505","csg","NC_002607.1","+",2011579,2011681,2014239,101,TRUE
"gene-VNG_RS10505","csg","NC_002607.1","+",2011643,2011681,2014239,37,TRUE
"gene-VNG_RS10505","csg","NC_002607.1","+",2011669,2011681,2014239,11,TRUE
"gene-VNG_RS10505","csg","NC_002607.1","+",2011675,2011681,2014239,5,TRUE
"gene-VNG_RS10570","VNG_RS10570","NC_002608.1","+",14278,14308,15582,29,TRUE
"gene-VNG_RS10565","VNG_RS10565","NC_002608.1","-",14284,12847,14013,271,TRUE
"gene-VNG_RS10565","VNG_RS10565","NC_002608.1","-",14297,12847,14013,284,TRUE
"gene-VNG_RS10620","gvpD","NC_002608.1","-",22354,20673,22283,71,TRUE
"gene-VNG_RS10655","VNG_RS10655","NC_002608.1","+",26619,30044,30346,3424,TRUE
"gene-VNG_RS10670","VNG_RS10670","NC_002608.1","-",33988,33404,34531,-543,FALSE
"gene-VNG_RS10980","VNG_RS10980","NC_002608.1","+",87527,91761,92042,4233,TRUE
"gene-VNG_RS11030","VNG_RS11030","NC_002608.1","+",107654,107069,109054,-586,FALSE
"gene-VNG_RS11070","VNG_RS11070","NC_002608.1","+",115136,122374,123648,7237,TRUE
"gene-VNG_RS14285","VNG_RS14285","NC_002608.1","+",164127,164006,164173,-122,FALSE
"gene-VNG_RS14605","VNG_RS14605","NC_002608.1","-",169287,166898,167461,1826,TRUE
"gene-VNG_RS11300","VNG_RS11300","NC_002608.1","+",177422,176206,177639,-1217,FALSE
"gene-VNG_RS11550","VNG_RS11550","NC_002608.1","+",223350,223741,224679,390,TRUE
"gene-VNG_RS11570","VNG_RS11570","NC_002608.1","-",232650,231569,232591,59,TRUE
"gene-VNG_RS11600","VNG_RS11600","NC_002608.1","-",237823,237796,239079,-1256,FALSE
"gene-VNG_RS13590","VNG_RS13590","NC_002608.1","-",262674,260791,260997,1677,TRUE
"gene-VNG_RS11745","VNG_RS11745","NC_002608.1","+",275321,276748,278022,1426,TRUE
"gene-VNG_RS11810","orc4","NC_002608.1","-",292627,291390,292622,5,TRUE
"gene-VNG_RS11995","VNG_RS11995","NC_002608.1","-",323522,323341,324333,-811,FALSE
"gene-VNG_RS12025","VNG_RS12025","NC_002608.1","-",334314,332801,334216,98,TRUE
"gene-VNG_RS12170","VNG_RS12170","NC_002608.1","-",361664,359657,360649,1015,TRUE
